[{"model": "auth.permission", "pk": 1, "fields": {"name": "Can add log entry", "content_type": 1, "codename": "add_logentry"}}, {"model": "auth.permission", "pk": 2, "fields": {"name": "Can change log entry", "content_type": 1, "codename": "change_logentry"}}, {"model": "auth.permission", "pk": 3, "fields": {"name": "Can delete log entry", "content_type": 1, "codename": "delete_logentry"}}, {"model": "auth.permission", "pk": 4, "fields": {"name": "Can view log entry", "content_type": 1, "codename": "view_logentry"}}, {"model": "auth.permission", "pk": 5, "fields": {"name": "Can add permission", "content_type": 2, "codename": "add_permission"}}, {"model": "auth.permission", "pk": 6, "fields": {"name": "Can change permission", "content_type": 2, "codename": "change_permission"}}, {"model": "auth.permission", "pk": 7, "fields": {"name": "Can delete permission", "content_type": 2, "codename": "delete_permission"}}, {"model": "auth.permission", "pk": 8, "fields": {"name": "Can view permission", "content_type": 2, "codename": "view_permission"}}, {"model": "auth.permission", "pk": 9, "fields": {"name": "Can add group", "content_type": 3, "codename": "add_group"}}, {"model": "auth.permission", "pk": 10, "fields": {"name": "Can change group", "content_type": 3, "codename": "change_group"}}, {"model": "auth.permission", "pk": 11, "fields": {"name": "Can delete group", "content_type": 3, "codename": "delete_group"}}, {"model": "auth.permission", "pk": 12, "fields": {"name": "Can view group", "content_type": 3, "codename": "view_group"}}, {"model": "auth.permission", "pk": 13, "fields": {"name": "Can add user", "content_type": 4, "codename": "add_user"}}, {"model": "auth.permission", "pk": 14, "fields": {"name": "Can change user", "content_type": 4, "codename": "change_user"}}, {"model": "auth.permission", "pk": 15, "fields": {"name": "Can delete user", "content_type": 4, "codename": "delete_user"}}, {"model": "auth.permission", "pk": 16, "fields": {"name": "Can view user", "content_type": 4, "codename": "view_user"}}, {"model": "auth.permission", "pk": 17, "fields": {"name": "Can add content type", "content_type": 5, "codename": "add_contenttype"}}, {"model": "auth.permission", "pk": 18, "fields": {"name": "Can change content type", "content_type": 5, "codename": "change_contenttype"}}, {"model": "auth.permission", "pk": 19, "fields": {"name": "Can delete content type", "content_type": 5, "codename": "delete_contenttype"}}, {"model": "auth.permission", "pk": 20, "fields": {"name": "Can view content type", "content_type": 5, "codename": "view_contenttype"}}, {"model": "auth.permission", "pk": 21, "fields": {"name": "Can add session", "content_type": 6, "codename": "add_session"}}, {"model": "auth.permission", "pk": 22, "fields": {"name": "Can change session", "content_type": 6, "codename": "change_session"}}, {"model": "auth.permission", "pk": 23, "fields": {"name": "Can delete session", "content_type": 6, "codename": "delete_session"}}, {"model": "auth.permission", "pk": 24, "fields": {"name": "Can view session", "content_type": 6, "codename": "view_session"}}, {"model": "auth.permission", "pk": 25, "fields": {"name": "Can add vision statement", "content_type": 7, "codename": "add_visionstatement"}}, {"model": "auth.permission", "pk": 26, "fields": {"name": "Can change vision statement", "content_type": 7, "codename": "change_visionstatement"}}, {"model": "auth.permission", "pk": 27, "fields": {"name": "Can delete vision statement", "content_type": 7, "codename": "delete_visionstatement"}}, {"model": "auth.permission", "pk": 28, "fields": {"name": "Can view vision statement", "content_type": 7, "codename": "view_visionstatement"}}, {"model": "auth.permission", "pk": 29, "fields": {"name": "Can add faq", "content_type": 8, "codename": "add_faq"}}, {"model": "auth.permission", "pk": 30, "fields": {"name": "Can change faq", "content_type": 8, "codename": "change_faq"}}, {"model": "auth.permission", "pk": 31, "fields": {"name": "Can delete faq", "content_type": 8, "codename": "delete_faq"}}, {"model": "auth.permission", "pk": 32, "fields": {"name": "Can view faq", "content_type": 8, "codename": "view_faq"}}, {"model": "auth.permission", "pk": 33, "fields": {"name": "Can add recipe", "content_type": 9, "codename": "add_recipe"}}, {"model": "auth.permission", "pk": 34, "fields": {"name": "Can change recipe", "content_type": 9, "codename": "change_recipe"}}, {"model": "auth.permission", "pk": 35, "fields": {"name": "Can delete recipe", "content_type": 9, "codename": "delete_recipe"}}, {"model": "auth.permission", "pk": 36, "fields": {"name": "Can view recipe", "content_type": 9, "codename": "view_recipe"}}, {"model": "auth.permission", "pk": 37, "fields": {"name": "Can add Attribute option", "content_type": 10, "codename": "add_attributeoption"}}, {"model": "auth.permission", "pk": 38, "fields": {"name": "Can change Attribute option", "content_type": 10, "codename": "change_attributeoption"}}, {"model": "auth.permission", "pk": 39, "fields": {"name": "Can delete Attribute option", "content_type": 10, "codename": "delete_attributeoption"}}, {"model": "auth.permission", "pk": 40, "fields": {"name": "Can view Attribute option", "content_type": 10, "codename": "view_attributeoption"}}, {"model": "auth.permission", "pk": 41, "fields": {"name": "Can add Attribute option group", "content_type": 11, "codename": "add_attributeoptiongroup"}}, {"model": "auth.permission", "pk": 42, "fields": {"name": "Can change Attribute option group", "content_type": 11, "codename": "change_attributeoptiongroup"}}, {"model": "auth.permission", "pk": 43, "fields": {"name": "Can delete Attribute option group", "content_type": 11, "codename": "delete_attributeoptiongroup"}}, {"model": "auth.permission", "pk": 44, "fields": {"name": "Can view Attribute option group", "content_type": 11, "codename": "view_attributeoptiongroup"}}, {"model": "auth.permission", "pk": 45, "fields": {"name": "Can add Category", "content_type": 12, "codename": "add_category"}}, {"model": "auth.permission", "pk": 46, "fields": {"name": "Can change Category", "content_type": 12, "codename": "change_category"}}, {"model": "auth.permission", "pk": 47, "fields": {"name": "Can delete Category", "content_type": 12, "codename": "delete_category"}}, {"model": "auth.permission", "pk": 48, "fields": {"name": "Can view Category", "content_type": 12, "codename": "view_category"}}, {"model": "auth.permission", "pk": 49, "fields": {"name": "Can add Option", "content_type": 13, "codename": "add_option"}}, {"model": "auth.permission", "pk": 50, "fields": {"name": "Can change Option", "content_type": 13, "codename": "change_option"}}, {"model": "auth.permission", "pk": 51, "fields": {"name": "Can delete Option", "content_type": 13, "codename": "delete_option"}}, {"model": "auth.permission", "pk": 52, "fields": {"name": "Can view Option", "content_type": 13, "codename": "view_option"}}, {"model": "auth.permission", "pk": 53, "fields": {"name": "Can add product", "content_type": 14, "codename": "add_product"}}, {"model": "auth.permission", "pk": 54, "fields": {"name": "Can change product", "content_type": 14, "codename": "change_product"}}, {"model": "auth.permission", "pk": 55, "fields": {"name": "Can delete product", "content_type": 14, "codename": "delete_product"}}, {"model": "auth.permission", "pk": 56, "fields": {"name": "Can view product", "content_type": 14, "codename": "view_product"}}, {"model": "auth.permission", "pk": 57, "fields": {"name": "Can add Product attribute", "content_type": 15, "codename": "add_productattribute"}}, {"model": "auth.permission", "pk": 58, "fields": {"name": "Can change Product attribute", "content_type": 15, "codename": "change_productattribute"}}, {"model": "auth.permission", "pk": 59, "fields": {"name": "Can delete Product attribute", "content_type": 15, "codename": "delete_productattribute"}}, {"model": "auth.permission", "pk": 60, "fields": {"name": "Can view Product attribute", "content_type": 15, "codename": "view_productattribute"}}, {"model": "auth.permission", "pk": 61, "fields": {"name": "Can add Product attribute value", "content_type": 16, "codename": "add_productattributevalue"}}, {"model": "auth.permission", "pk": 62, "fields": {"name": "Can change Product attribute value", "content_type": 16, "codename": "change_productattributevalue"}}, {"model": "auth.permission", "pk": 63, "fields": {"name": "Can delete Product attribute value", "content_type": 16, "codename": "delete_productattributevalue"}}, {"model": "auth.permission", "pk": 64, "fields": {"name": "Can view Product attribute value", "content_type": 16, "codename": "view_productattributevalue"}}, {"model": "auth.permission", "pk": 65, "fields": {"name": "Can add Product category", "content_type": 17, "codename": "add_productcategory"}}, {"model": "auth.permission", "pk": 66, "fields": {"name": "Can change Product category", "content_type": 17, "codename": "change_productcategory"}}, {"model": "auth.permission", "pk": 67, "fields": {"name": "Can delete Product category", "content_type": 17, "codename": "delete_productcategory"}}, {"model": "auth.permission", "pk": 68, "fields": {"name": "Can view Product category", "content_type": 17, "codename": "view_productcategory"}}, {"model": "auth.permission", "pk": 69, "fields": {"name": "Can add Product class", "content_type": 18, "codename": "add_productclass"}}, {"model": "auth.permission", "pk": 70, "fields": {"name": "Can change Product class", "content_type": 18, "codename": "change_productclass"}}, {"model": "auth.permission", "pk": 71, "fields": {"name": "Can delete Product class", "content_type": 18, "codename": "delete_productclass"}}, {"model": "auth.permission", "pk": 72, "fields": {"name": "Can view Product class", "content_type": 18, "codename": "view_productclass"}}, {"model": "auth.permission", "pk": 73, "fields": {"name": "Can add Product image", "content_type": 19, "codename": "add_productimage"}}, {"model": "auth.permission", "pk": 74, "fields": {"name": "Can change Product image", "content_type": 19, "codename": "change_productimage"}}, {"model": "auth.permission", "pk": 75, "fields": {"name": "Can delete Product image", "content_type": 19, "codename": "delete_productimage"}}, {"model": "auth.permission", "pk": 76, "fields": {"name": "Can view Product image", "content_type": 19, "codename": "view_productimage"}}, {"model": "auth.permission", "pk": 77, "fields": {"name": "Can add Product recommendation", "content_type": 20, "codename": "add_productrecommendation"}}, {"model": "auth.permission", "pk": 78, "fields": {"name": "Can change Product recommendation", "content_type": 20, "codename": "change_productrecommendation"}}, {"model": "auth.permission", "pk": 79, "fields": {"name": "Can delete Product recommendation", "content_type": 20, "codename": "delete_productrecommendation"}}, {"model": "auth.permission", "pk": 80, "fields": {"name": "Can view Product recommendation", "content_type": 20, "codename": "view_productrecommendation"}}, {"model": "auth.permission", "pk": 81, "fields": {"name": "Can add Basket", "content_type": 21, "codename": "add_basket"}}, {"model": "auth.permission", "pk": 82, "fields": {"name": "Can change Basket", "content_type": 21, "codename": "change_basket"}}, {"model": "auth.permission", "pk": 83, "fields": {"name": "Can delete Basket", "content_type": 21, "codename": "delete_basket"}}, {"model": "auth.permission", "pk": 84, "fields": {"name": "Can view Basket", "content_type": 21, "codename": "view_basket"}}, {"model": "auth.permission", "pk": 85, "fields": {"name": "Can add Basket line", "content_type": 22, "codename": "add_line"}}, {"model": "auth.permission", "pk": 86, "fields": {"name": "Can change Basket line", "content_type": 22, "codename": "change_line"}}, {"model": "auth.permission", "pk": 87, "fields": {"name": "Can delete Basket line", "content_type": 22, "codename": "delete_line"}}, {"model": "auth.permission", "pk": 88, "fields": {"name": "Can view Basket line", "content_type": 22, "codename": "view_line"}}, {"model": "auth.permission", "pk": 89, "fields": {"name": "Can add Line attribute", "content_type": 23, "codename": "add_lineattribute"}}, {"model": "auth.permission", "pk": 90, "fields": {"name": "Can change Line attribute", "content_type": 23, "codename": "change_lineattribute"}}, {"model": "auth.permission", "pk": 91, "fields": {"name": "Can delete Line attribute", "content_type": 23, "codename": "delete_lineattribute"}}, {"model": "auth.permission", "pk": 92, "fields": {"name": "Can view Line attribute", "content_type": 23, "codename": "view_lineattribute"}}, {"model": "auth.permission", "pk": 93, "fields": {"name": "Can add Product alert", "content_type": 24, "codename": "add_productalert"}}, {"model": "auth.permission", "pk": 94, "fields": {"name": "Can change Product alert", "content_type": 24, "codename": "change_productalert"}}, {"model": "auth.permission", "pk": 95, "fields": {"name": "Can delete Product alert", "content_type": 24, "codename": "delete_productalert"}}, {"model": "auth.permission", "pk": 96, "fields": {"name": "Can view Product alert", "content_type": 24, "codename": "view_productalert"}}, {"model": "auth.permission", "pk": 97, "fields": {"name": "Can add Fulfillment partner", "content_type": 25, "codename": "add_partner"}}, {"model": "auth.permission", "pk": 98, "fields": {"name": "Can change Fulfillment partner", "content_type": 25, "codename": "change_partner"}}, {"model": "auth.permission", "pk": 99, "fields": {"name": "Can delete Fulfillment partner", "content_type": 25, "codename": "delete_partner"}}, {"model": "auth.permission", "pk": 100, "fields": {"name": "Can view Fulfillment partner", "content_type": 25, "codename": "view_partner"}}, {"model": "auth.permission", "pk": 101, "fields": {"name": "Can access dashboard", "content_type": 25, "codename": "dashboard_access"}}, {"model": "auth.permission", "pk": 102, "fields": {"name": "Can add Partner address", "content_type": 26, "codename": "add_partneraddress"}}, {"model": "auth.permission", "pk": 103, "fields": {"name": "Can change Partner address", "content_type": 26, "codename": "change_partneraddress"}}, {"model": "auth.permission", "pk": 104, "fields": {"name": "Can delete Partner address", "content_type": 26, "codename": "delete_partneraddress"}}, {"model": "auth.permission", "pk": 105, "fields": {"name": "Can view Partner address", "content_type": 26, "codename": "view_partneraddress"}}, {"model": "auth.permission", "pk": 106, "fields": {"name": "Can add Stock alert", "content_type": 27, "codename": "add_stockalert"}}, {"model": "auth.permission", "pk": 107, "fields": {"name": "Can change Stock alert", "content_type": 27, "codename": "change_stockalert"}}, {"model": "auth.permission", "pk": 108, "fields": {"name": "Can delete Stock alert", "content_type": 27, "codename": "delete_stockalert"}}, {"model": "auth.permission", "pk": 109, "fields": {"name": "Can view Stock alert", "content_type": 27, "codename": "view_stockalert"}}, {"model": "auth.permission", "pk": 110, "fields": {"name": "Can add stock record", "content_type": 28, "codename": "add_stockrecord"}}, {"model": "auth.permission", "pk": 111, "fields": {"name": "Can change stock record", "content_type": 28, "codename": "change_stockrecord"}}, {"model": "auth.permission", "pk": 112, "fields": {"name": "Can delete stock record", "content_type": 28, "codename": "delete_stockrecord"}}, {"model": "auth.permission", "pk": 113, "fields": {"name": "Can view stock record", "content_type": 28, "codename": "view_stockrecord"}}, {"model": "auth.permission", "pk": 114, "fields": {"name": "Can add Bankcard", "content_type": 29, "codename": "add_bankcard"}}, {"model": "auth.permission", "pk": 115, "fields": {"name": "Can change Bankcard", "content_type": 29, "codename": "change_bankcard"}}, {"model": "auth.permission", "pk": 116, "fields": {"name": "Can delete Bankcard", "content_type": 29, "codename": "delete_bankcard"}}, {"model": "auth.permission", "pk": 117, "fields": {"name": "Can view Bankcard", "content_type": 29, "codename": "view_bankcard"}}, {"model": "auth.permission", "pk": 118, "fields": {"name": "Can add Source", "content_type": 30, "codename": "add_source"}}, {"model": "auth.permission", "pk": 119, "fields": {"name": "Can change Source", "content_type": 30, "codename": "change_source"}}, {"model": "auth.permission", "pk": 120, "fields": {"name": "Can delete Source", "content_type": 30, "codename": "delete_source"}}, {"model": "auth.permission", "pk": 121, "fields": {"name": "Can view Source", "content_type": 30, "codename": "view_source"}}, {"model": "auth.permission", "pk": 122, "fields": {"name": "Can add Source Type", "content_type": 31, "codename": "add_sourcetype"}}, {"model": "auth.permission", "pk": 123, "fields": {"name": "Can change Source Type", "content_type": 31, "codename": "change_sourcetype"}}, {"model": "auth.permission", "pk": 124, "fields": {"name": "Can delete Source Type", "content_type": 31, "codename": "delete_sourcetype"}}, {"model": "auth.permission", "pk": 125, "fields": {"name": "Can view Source Type", "content_type": 31, "codename": "view_sourcetype"}}, {"model": "auth.permission", "pk": 126, "fields": {"name": "Can add Transaction", "content_type": 32, "codename": "add_transaction"}}, {"model": "auth.permission", "pk": 127, "fields": {"name": "Can change Transaction", "content_type": 32, "codename": "change_transaction"}}, {"model": "auth.permission", "pk": 128, "fields": {"name": "Can delete Transaction", "content_type": 32, "codename": "delete_transaction"}}, {"model": "auth.permission", "pk": 129, "fields": {"name": "Can view Transaction", "content_type": 32, "codename": "view_transaction"}}, {"model": "auth.permission", "pk": 130, "fields": {"name": "Can add site", "content_type": 33, "codename": "add_site"}}, {"model": "auth.permission", "pk": 131, "fields": {"name": "Can change site", "content_type": 33, "codename": "change_site"}}, {"model": "auth.permission", "pk": 132, "fields": {"name": "Can delete site", "content_type": 33, "codename": "delete_site"}}, {"model": "auth.permission", "pk": 133, "fields": {"name": "Can view site", "content_type": 33, "codename": "view_site"}}, {"model": "auth.permission", "pk": 134, "fields": {"name": "Can add flat page", "content_type": 34, "codename": "add_flatpage"}}, {"model": "auth.permission", "pk": 135, "fields": {"name": "Can change flat page", "content_type": 34, "codename": "change_flatpage"}}, {"model": "auth.permission", "pk": 136, "fields": {"name": "Can delete flat page", "content_type": 34, "codename": "delete_flatpage"}}, {"model": "auth.permission", "pk": 137, "fields": {"name": "Can view flat page", "content_type": 34, "codename": "view_flatpage"}}, {"model": "auth.permission", "pk": 138, "fields": {"name": "Can add Product record", "content_type": 35, "codename": "add_productrecord"}}, {"model": "auth.permission", "pk": 139, "fields": {"name": "Can change Product record", "content_type": 35, "codename": "change_productrecord"}}, {"model": "auth.permission", "pk": 140, "fields": {"name": "Can delete Product record", "content_type": 35, "codename": "delete_productrecord"}}, {"model": "auth.permission", "pk": 141, "fields": {"name": "Can view Product record", "content_type": 35, "codename": "view_productrecord"}}, {"model": "auth.permission", "pk": 142, "fields": {"name": "Can add User product view", "content_type": 36, "codename": "add_userproductview"}}, {"model": "auth.permission", "pk": 143, "fields": {"name": "Can change User product view", "content_type": 36, "codename": "change_userproductview"}}, {"model": "auth.permission", "pk": 144, "fields": {"name": "Can delete User product view", "content_type": 36, "codename": "delete_userproductview"}}, {"model": "auth.permission", "pk": 145, "fields": {"name": "Can view User product view", "content_type": 36, "codename": "view_userproductview"}}, {"model": "auth.permission", "pk": 146, "fields": {"name": "Can add User record", "content_type": 37, "codename": "add_userrecord"}}, {"model": "auth.permission", "pk": 147, "fields": {"name": "Can change User record", "content_type": 37, "codename": "change_userrecord"}}, {"model": "auth.permission", "pk": 148, "fields": {"name": "Can delete User record", "content_type": 37, "codename": "delete_userrecord"}}, {"model": "auth.permission", "pk": 149, "fields": {"name": "Can view User record", "content_type": 37, "codename": "view_userrecord"}}, {"model": "auth.permission", "pk": 150, "fields": {"name": "Can add User search query", "content_type": 38, "codename": "add_usersearch"}}, {"model": "auth.permission", "pk": 151, "fields": {"name": "Can change User search query", "content_type": 38, "codename": "change_usersearch"}}, {"model": "auth.permission", "pk": 152, "fields": {"name": "Can delete User search query", "content_type": 38, "codename": "delete_usersearch"}}, {"model": "auth.permission", "pk": 153, "fields": {"name": "Can view User search query", "content_type": 38, "codename": "view_usersearch"}}, {"model": "auth.permission", "pk": 154, "fields": {"name": "Can add Country", "content_type": 39, "codename": "add_country"}}, {"model": "auth.permission", "pk": 155, "fields": {"name": "Can change Country", "content_type": 39, "codename": "change_country"}}, {"model": "auth.permission", "pk": 156, "fields": {"name": "Can delete Country", "content_type": 39, "codename": "delete_country"}}, {"model": "auth.permission", "pk": 157, "fields": {"name": "Can view Country", "content_type": 39, "codename": "view_country"}}, {"model": "auth.permission", "pk": 158, "fields": {"name": "Can add User address", "content_type": 40, "codename": "add_useraddress"}}, {"model": "auth.permission", "pk": 159, "fields": {"name": "Can change User address", "content_type": 40, "codename": "change_useraddress"}}, {"model": "auth.permission", "pk": 160, "fields": {"name": "Can delete User address", "content_type": 40, "codename": "delete_useraddress"}}, {"model": "auth.permission", "pk": 161, "fields": {"name": "Can view User address", "content_type": 40, "codename": "view_useraddress"}}, {"model": "auth.permission", "pk": 162, "fields": {"name": "Can add Order and Item Charge", "content_type": 41, "codename": "add_orderanditemcharges"}}, {"model": "auth.permission", "pk": 163, "fields": {"name": "Can change Order and Item Charge", "content_type": 41, "codename": "change_orderanditemcharges"}}, {"model": "auth.permission", "pk": 164, "fields": {"name": "Can delete Order and Item Charge", "content_type": 41, "codename": "delete_orderanditemcharges"}}, {"model": "auth.permission", "pk": 165, "fields": {"name": "Can view Order and Item Charge", "content_type": 41, "codename": "view_orderanditemcharges"}}, {"model": "auth.permission", "pk": 166, "fields": {"name": "Can add Weight Band", "content_type": 42, "codename": "add_weightband"}}, {"model": "auth.permission", "pk": 167, "fields": {"name": "Can change Weight Band", "content_type": 42, "codename": "change_weightband"}}, {"model": "auth.permission", "pk": 168, "fields": {"name": "Can delete Weight Band", "content_type": 42, "codename": "delete_weightband"}}, {"model": "auth.permission", "pk": 169, "fields": {"name": "Can view Weight Band", "content_type": 42, "codename": "view_weightband"}}, {"model": "auth.permission", "pk": 170, "fields": {"name": "Can add Weight-based Shipping Method", "content_type": 43, "codename": "add_weightbased"}}, {"model": "auth.permission", "pk": 171, "fields": {"name": "Can change Weight-based Shipping Method", "content_type": 43, "codename": "change_weightbased"}}, {"model": "auth.permission", "pk": 172, "fields": {"name": "Can delete Weight-based Shipping Method", "content_type": 43, "codename": "delete_weightbased"}}, {"model": "auth.permission", "pk": 173, "fields": {"name": "Can view Weight-based Shipping Method", "content_type": 43, "codename": "view_weightbased"}}, {"model": "auth.permission", "pk": 174, "fields": {"name": "Can add Product review", "content_type": 44, "codename": "add_productreview"}}, {"model": "auth.permission", "pk": 175, "fields": {"name": "Can change Product review", "content_type": 44, "codename": "change_productreview"}}, {"model": "auth.permission", "pk": 176, "fields": {"name": "Can delete Product review", "content_type": 44, "codename": "delete_productreview"}}, {"model": "auth.permission", "pk": 177, "fields": {"name": "Can view Product review", "content_type": 44, "codename": "view_productreview"}}, {"model": "auth.permission", "pk": 178, "fields": {"name": "Can add Vote", "content_type": 45, "codename": "add_vote"}}, {"model": "auth.permission", "pk": 179, "fields": {"name": "Can change Vote", "content_type": 45, "codename": "change_vote"}}, {"model": "auth.permission", "pk": 180, "fields": {"name": "Can delete Vote", "content_type": 45, "codename": "delete_vote"}}, {"model": "auth.permission", "pk": 181, "fields": {"name": "Can view Vote", "content_type": 45, "codename": "view_vote"}}, {"model": "auth.permission", "pk": 182, "fields": {"name": "Can add Communication event type", "content_type": 46, "codename": "add_communicationeventtype"}}, {"model": "auth.permission", "pk": 183, "fields": {"name": "Can change Communication event type", "content_type": 46, "codename": "change_communicationeventtype"}}, {"model": "auth.permission", "pk": 184, "fields": {"name": "Can delete Communication event type", "content_type": 46, "codename": "delete_communicationeventtype"}}, {"model": "auth.permission", "pk": 185, "fields": {"name": "Can view Communication event type", "content_type": 46, "codename": "view_communicationeventtype"}}, {"model": "auth.permission", "pk": 186, "fields": {"name": "Can add Email", "content_type": 47, "codename": "add_email"}}, {"model": "auth.permission", "pk": 187, "fields": {"name": "Can change Email", "content_type": 47, "codename": "change_email"}}, {"model": "auth.permission", "pk": 188, "fields": {"name": "Can delete Email", "content_type": 47, "codename": "delete_email"}}, {"model": "auth.permission", "pk": 189, "fields": {"name": "Can view Email", "content_type": 47, "codename": "view_email"}}, {"model": "auth.permission", "pk": 190, "fields": {"name": "Can add Notification", "content_type": 48, "codename": "add_notification"}}, {"model": "auth.permission", "pk": 191, "fields": {"name": "Can change Notification", "content_type": 48, "codename": "change_notification"}}, {"model": "auth.permission", "pk": 192, "fields": {"name": "Can delete Notification", "content_type": 48, "codename": "delete_notification"}}, {"model": "auth.permission", "pk": 193, "fields": {"name": "Can view Notification", "content_type": 48, "codename": "view_notification"}}, {"model": "auth.permission", "pk": 194, "fields": {"name": "Can add Benefit", "content_type": 49, "codename": "add_benefit"}}, {"model": "auth.permission", "pk": 195, "fields": {"name": "Can change Benefit", "content_type": 49, "codename": "change_benefit"}}, {"model": "auth.permission", "pk": 196, "fields": {"name": "Can delete Benefit", "content_type": 49, "codename": "delete_benefit"}}, {"model": "auth.permission", "pk": 197, "fields": {"name": "Can view Benefit", "content_type": 49, "codename": "view_benefit"}}, {"model": "auth.permission", "pk": 198, "fields": {"name": "Can add Condition", "content_type": 50, "codename": "add_condition"}}, {"model": "auth.permission", "pk": 199, "fields": {"name": "Can change Condition", "content_type": 50, "codename": "change_condition"}}, {"model": "auth.permission", "pk": 200, "fields": {"name": "Can delete Condition", "content_type": 50, "codename": "delete_condition"}}, {"model": "auth.permission", "pk": 201, "fields": {"name": "Can view Condition", "content_type": 50, "codename": "view_condition"}}, {"model": "auth.permission", "pk": 202, "fields": {"name": "Can add Conditional offer", "content_type": 51, "codename": "add_conditionaloffer"}}, {"model": "auth.permission", "pk": 203, "fields": {"name": "Can change Conditional offer", "content_type": 51, "codename": "change_conditionaloffer"}}, {"model": "auth.permission", "pk": 204, "fields": {"name": "Can delete Conditional offer", "content_type": 51, "codename": "delete_conditionaloffer"}}, {"model": "auth.permission", "pk": 205, "fields": {"name": "Can view Conditional offer", "content_type": 51, "codename": "view_conditionaloffer"}}, {"model": "auth.permission", "pk": 206, "fields": {"name": "Can add Range", "content_type": 52, "codename": "add_range"}}, {"model": "auth.permission", "pk": 207, "fields": {"name": "Can change Range", "content_type": 52, "codename": "change_range"}}, {"model": "auth.permission", "pk": 208, "fields": {"name": "Can delete Range", "content_type": 52, "codename": "delete_range"}}, {"model": "auth.permission", "pk": 209, "fields": {"name": "Can view Range", "content_type": 52, "codename": "view_range"}}, {"model": "auth.permission", "pk": 210, "fields": {"name": "Can add range product", "content_type": 53, "codename": "add_rangeproduct"}}, {"model": "auth.permission", "pk": 211, "fields": {"name": "Can change range product", "content_type": 53, "codename": "change_rangeproduct"}}, {"model": "auth.permission", "pk": 212, "fields": {"name": "Can delete range product", "content_type": 53, "codename": "delete_rangeproduct"}}, {"model": "auth.permission", "pk": 213, "fields": {"name": "Can view range product", "content_type": 53, "codename": "view_rangeproduct"}}, {"model": "auth.permission", "pk": 214, "fields": {"name": "Can add Range Product Uploaded File", "content_type": 54, "codename": "add_rangeproductfileupload"}}, {"model": "auth.permission", "pk": 215, "fields": {"name": "Can change Range Product Uploaded File", "content_type": 54, "codename": "change_rangeproductfileupload"}}, {"model": "auth.permission", "pk": 216, "fields": {"name": "Can delete Range Product Uploaded File", "content_type": 54, "codename": "delete_rangeproductfileupload"}}, {"model": "auth.permission", "pk": 217, "fields": {"name": "Can view Range Product Uploaded File", "content_type": 54, "codename": "view_rangeproductfileupload"}}, {"model": "auth.permission", "pk": 218, "fields": {"name": "Can add Absolute discount benefit", "content_type": 55, "codename": "add_absolutediscountbenefit"}}, {"model": "auth.permission", "pk": 219, "fields": {"name": "Can change Absolute discount benefit", "content_type": 55, "codename": "change_absolutediscountbenefit"}}, {"model": "auth.permission", "pk": 220, "fields": {"name": "Can delete Absolute discount benefit", "content_type": 55, "codename": "delete_absolutediscountbenefit"}}, {"model": "auth.permission", "pk": 221, "fields": {"name": "Can view Absolute discount benefit", "content_type": 55, "codename": "view_absolutediscountbenefit"}}, {"model": "auth.permission", "pk": 222, "fields": {"name": "Can add Count condition", "content_type": 56, "codename": "add_countcondition"}}, {"model": "auth.permission", "pk": 223, "fields": {"name": "Can change Count condition", "content_type": 56, "codename": "change_countcondition"}}, {"model": "auth.permission", "pk": 224, "fields": {"name": "Can delete Count condition", "content_type": 56, "codename": "delete_countcondition"}}, {"model": "auth.permission", "pk": 225, "fields": {"name": "Can view Count condition", "content_type": 56, "codename": "view_countcondition"}}, {"model": "auth.permission", "pk": 226, "fields": {"name": "Can add Coverage Condition", "content_type": 57, "codename": "add_coveragecondition"}}, {"model": "auth.permission", "pk": 227, "fields": {"name": "Can change Coverage Condition", "content_type": 57, "codename": "change_coveragecondition"}}, {"model": "auth.permission", "pk": 228, "fields": {"name": "Can delete Coverage Condition", "content_type": 57, "codename": "delete_coveragecondition"}}, {"model": "auth.permission", "pk": 229, "fields": {"name": "Can view Coverage Condition", "content_type": 57, "codename": "view_coveragecondition"}}, {"model": "auth.permission", "pk": 230, "fields": {"name": "Can add Fixed price benefit", "content_type": 58, "codename": "add_fixedpricebenefit"}}, {"model": "auth.permission", "pk": 231, "fields": {"name": "Can change Fixed price benefit", "content_type": 58, "codename": "change_fixedpricebenefit"}}, {"model": "auth.permission", "pk": 232, "fields": {"name": "Can delete Fixed price benefit", "content_type": 58, "codename": "delete_fixedpricebenefit"}}, {"model": "auth.permission", "pk": 233, "fields": {"name": "Can view Fixed price benefit", "content_type": 58, "codename": "view_fixedpricebenefit"}}, {"model": "auth.permission", "pk": 234, "fields": {"name": "Can add Multibuy discount benefit", "content_type": 59, "codename": "add_multibuydiscountbenefit"}}, {"model": "auth.permission", "pk": 235, "fields": {"name": "Can change Multibuy discount benefit", "content_type": 59, "codename": "change_multibuydiscountbenefit"}}, {"model": "auth.permission", "pk": 236, "fields": {"name": "Can delete Multibuy discount benefit", "content_type": 59, "codename": "delete_multibuydiscountbenefit"}}, {"model": "auth.permission", "pk": 237, "fields": {"name": "Can view Multibuy discount benefit", "content_type": 59, "codename": "view_multibuydiscountbenefit"}}, {"model": "auth.permission", "pk": 238, "fields": {"name": "Can add Percentage discount benefit", "content_type": 60, "codename": "add_percentagediscountbenefit"}}, {"model": "auth.permission", "pk": 239, "fields": {"name": "Can change Percentage discount benefit", "content_type": 60, "codename": "change_percentagediscountbenefit"}}, {"model": "auth.permission", "pk": 240, "fields": {"name": "Can delete Percentage discount benefit", "content_type": 60, "codename": "delete_percentagediscountbenefit"}}, {"model": "auth.permission", "pk": 241, "fields": {"name": "Can view Percentage discount benefit", "content_type": 60, "codename": "view_percentagediscountbenefit"}}, {"model": "auth.permission", "pk": 242, "fields": {"name": "Can add shipping benefit", "content_type": 61, "codename": "add_shippingbenefit"}}, {"model": "auth.permission", "pk": 243, "fields": {"name": "Can change shipping benefit", "content_type": 61, "codename": "change_shippingbenefit"}}, {"model": "auth.permission", "pk": 244, "fields": {"name": "Can delete shipping benefit", "content_type": 61, "codename": "delete_shippingbenefit"}}, {"model": "auth.permission", "pk": 245, "fields": {"name": "Can view shipping benefit", "content_type": 61, "codename": "view_shippingbenefit"}}, {"model": "auth.permission", "pk": 246, "fields": {"name": "Can add Shipping absolute discount benefit", "content_type": 62, "codename": "add_shippingabsolutediscountbenefit"}}, {"model": "auth.permission", "pk": 247, "fields": {"name": "Can change Shipping absolute discount benefit", "content_type": 62, "codename": "change_shippingabsolutediscountbenefit"}}, {"model": "auth.permission", "pk": 248, "fields": {"name": "Can delete Shipping absolute discount benefit", "content_type": 62, "codename": "delete_shippingabsolutediscountbenefit"}}, {"model": "auth.permission", "pk": 249, "fields": {"name": "Can view Shipping absolute discount benefit", "content_type": 62, "codename": "view_shippingabsolutediscountbenefit"}}, {"model": "auth.permission", "pk": 250, "fields": {"name": "Can add Fixed price shipping benefit", "content_type": 63, "codename": "add_shippingfixedpricebenefit"}}, {"model": "auth.permission", "pk": 251, "fields": {"name": "Can change Fixed price shipping benefit", "content_type": 63, "codename": "change_shippingfixedpricebenefit"}}, {"model": "auth.permission", "pk": 252, "fields": {"name": "Can delete Fixed price shipping benefit", "content_type": 63, "codename": "delete_shippingfixedpricebenefit"}}, {"model": "auth.permission", "pk": 253, "fields": {"name": "Can view Fixed price shipping benefit", "content_type": 63, "codename": "view_shippingfixedpricebenefit"}}, {"model": "auth.permission", "pk": 254, "fields": {"name": "Can add Shipping percentage discount benefit", "content_type": 64, "codename": "add_shippingpercentagediscountbenefit"}}, {"model": "auth.permission", "pk": 255, "fields": {"name": "Can change Shipping percentage discount benefit", "content_type": 64, "codename": "change_shippingpercentagediscountbenefit"}}, {"model": "auth.permission", "pk": 256, "fields": {"name": "Can delete Shipping percentage discount benefit", "content_type": 64, "codename": "delete_shippingpercentagediscountbenefit"}}, {"model": "auth.permission", "pk": 257, "fields": {"name": "Can view Shipping percentage discount benefit", "content_type": 64, "codename": "view_shippingpercentagediscountbenefit"}}, {"model": "auth.permission", "pk": 258, "fields": {"name": "Can add Value condition", "content_type": 65, "codename": "add_valuecondition"}}, {"model": "auth.permission", "pk": 259, "fields": {"name": "Can change Value condition", "content_type": 65, "codename": "change_valuecondition"}}, {"model": "auth.permission", "pk": 260, "fields": {"name": "Can delete Value condition", "content_type": 65, "codename": "delete_valuecondition"}}, {"model": "auth.permission", "pk": 261, "fields": {"name": "Can view Value condition", "content_type": 65, "codename": "view_valuecondition"}}, {"model": "auth.permission", "pk": 262, "fields": {"name": "Can add Billing address", "content_type": 66, "codename": "add_billingaddress"}}, {"model": "auth.permission", "pk": 263, "fields": {"name": "Can change Billing address", "content_type": 66, "codename": "change_billingaddress"}}, {"model": "auth.permission", "pk": 264, "fields": {"name": "Can delete Billing address", "content_type": 66, "codename": "delete_billingaddress"}}, {"model": "auth.permission", "pk": 265, "fields": {"name": "Can view Billing address", "content_type": 66, "codename": "view_billingaddress"}}, {"model": "auth.permission", "pk": 266, "fields": {"name": "Can add Communication Event", "content_type": 67, "codename": "add_communicationevent"}}, {"model": "auth.permission", "pk": 267, "fields": {"name": "Can change Communication Event", "content_type": 67, "codename": "change_communicationevent"}}, {"model": "auth.permission", "pk": 268, "fields": {"name": "Can delete Communication Event", "content_type": 67, "codename": "delete_communicationevent"}}, {"model": "auth.permission", "pk": 269, "fields": {"name": "Can view Communication Event", "content_type": 67, "codename": "view_communicationevent"}}, {"model": "auth.permission", "pk": 270, "fields": {"name": "Can add Order Line", "content_type": 68, "codename": "add_line"}}, {"model": "auth.permission", "pk": 271, "fields": {"name": "Can change Order Line", "content_type": 68, "codename": "change_line"}}, {"model": "auth.permission", "pk": 272, "fields": {"name": "Can delete Order Line", "content_type": 68, "codename": "delete_line"}}, {"model": "auth.permission", "pk": 273, "fields": {"name": "Can view Order Line", "content_type": 68, "codename": "view_line"}}, {"model": "auth.permission", "pk": 274, "fields": {"name": "Can add Line Attribute", "content_type": 69, "codename": "add_lineattribute"}}, {"model": "auth.permission", "pk": 275, "fields": {"name": "Can change Line Attribute", "content_type": 69, "codename": "change_lineattribute"}}, {"model": "auth.permission", "pk": 276, "fields": {"name": "Can delete Line Attribute", "content_type": 69, "codename": "delete_lineattribute"}}, {"model": "auth.permission", "pk": 277, "fields": {"name": "Can view Line Attribute", "content_type": 69, "codename": "view_lineattribute"}}, {"model": "auth.permission", "pk": 278, "fields": {"name": "Can add Line Price", "content_type": 70, "codename": "add_lineprice"}}, {"model": "auth.permission", "pk": 279, "fields": {"name": "Can change Line Price", "content_type": 70, "codename": "change_lineprice"}}, {"model": "auth.permission", "pk": 280, "fields": {"name": "Can delete Line Price", "content_type": 70, "codename": "delete_lineprice"}}, {"model": "auth.permission", "pk": 281, "fields": {"name": "Can view Line Price", "content_type": 70, "codename": "view_lineprice"}}, {"model": "auth.permission", "pk": 282, "fields": {"name": "Can add Order", "content_type": 71, "codename": "add_order"}}, {"model": "auth.permission", "pk": 283, "fields": {"name": "Can change Order", "content_type": 71, "codename": "change_order"}}, {"model": "auth.permission", "pk": 284, "fields": {"name": "Can delete Order", "content_type": 71, "codename": "delete_order"}}, {"model": "auth.permission", "pk": 285, "fields": {"name": "Can view Order", "content_type": 71, "codename": "view_order"}}, {"model": "auth.permission", "pk": 286, "fields": {"name": "Can add Order Discount", "content_type": 72, "codename": "add_orderdiscount"}}, {"model": "auth.permission", "pk": 287, "fields": {"name": "Can change Order Discount", "content_type": 72, "codename": "change_orderdiscount"}}, {"model": "auth.permission", "pk": 288, "fields": {"name": "Can delete Order Discount", "content_type": 72, "codename": "delete_orderdiscount"}}, {"model": "auth.permission", "pk": 289, "fields": {"name": "Can view Order Discount", "content_type": 72, "codename": "view_orderdiscount"}}, {"model": "auth.permission", "pk": 290, "fields": {"name": "Can add Order Note", "content_type": 73, "codename": "add_ordernote"}}, {"model": "auth.permission", "pk": 291, "fields": {"name": "Can change Order Note", "content_type": 73, "codename": "change_ordernote"}}, {"model": "auth.permission", "pk": 292, "fields": {"name": "Can delete Order Note", "content_type": 73, "codename": "delete_ordernote"}}, {"model": "auth.permission", "pk": 293, "fields": {"name": "Can view Order Note", "content_type": 73, "codename": "view_ordernote"}}, {"model": "auth.permission", "pk": 294, "fields": {"name": "Can add Payment Event", "content_type": 74, "codename": "add_paymentevent"}}, {"model": "auth.permission", "pk": 295, "fields": {"name": "Can change Payment Event", "content_type": 74, "codename": "change_paymentevent"}}, {"model": "auth.permission", "pk": 296, "fields": {"name": "Can delete Payment Event", "content_type": 74, "codename": "delete_paymentevent"}}, {"model": "auth.permission", "pk": 297, "fields": {"name": "Can view Payment Event", "content_type": 74, "codename": "view_paymentevent"}}, {"model": "auth.permission", "pk": 298, "fields": {"name": "Can add Payment Event Quantity", "content_type": 75, "codename": "add_paymenteventquantity"}}, {"model": "auth.permission", "pk": 299, "fields": {"name": "Can change Payment Event Quantity", "content_type": 75, "codename": "change_paymenteventquantity"}}, {"model": "auth.permission", "pk": 300, "fields": {"name": "Can delete Payment Event Quantity", "content_type": 75, "codename": "delete_paymenteventquantity"}}, {"model": "auth.permission", "pk": 301, "fields": {"name": "Can view Payment Event Quantity", "content_type": 75, "codename": "view_paymenteventquantity"}}, {"model": "auth.permission", "pk": 302, "fields": {"name": "Can add Payment Event Type", "content_type": 76, "codename": "add_paymenteventtype"}}, {"model": "auth.permission", "pk": 303, "fields": {"name": "Can change Payment Event Type", "content_type": 76, "codename": "change_paymenteventtype"}}, {"model": "auth.permission", "pk": 304, "fields": {"name": "Can delete Payment Event Type", "content_type": 76, "codename": "delete_paymenteventtype"}}, {"model": "auth.permission", "pk": 305, "fields": {"name": "Can view Payment Event Type", "content_type": 76, "codename": "view_paymenteventtype"}}, {"model": "auth.permission", "pk": 306, "fields": {"name": "Can add Shipping address", "content_type": 77, "codename": "add_shippingaddress"}}, {"model": "auth.permission", "pk": 307, "fields": {"name": "Can change Shipping address", "content_type": 77, "codename": "change_shippingaddress"}}, {"model": "auth.permission", "pk": 308, "fields": {"name": "Can delete Shipping address", "content_type": 77, "codename": "delete_shippingaddress"}}, {"model": "auth.permission", "pk": 309, "fields": {"name": "Can view Shipping address", "content_type": 77, "codename": "view_shippingaddress"}}, {"model": "auth.permission", "pk": 310, "fields": {"name": "Can add Shipping Event", "content_type": 78, "codename": "add_shippingevent"}}, {"model": "auth.permission", "pk": 311, "fields": {"name": "Can change Shipping Event", "content_type": 78, "codename": "change_shippingevent"}}, {"model": "auth.permission", "pk": 312, "fields": {"name": "Can delete Shipping Event", "content_type": 78, "codename": "delete_shippingevent"}}, {"model": "auth.permission", "pk": 313, "fields": {"name": "Can view Shipping Event", "content_type": 78, "codename": "view_shippingevent"}}, {"model": "auth.permission", "pk": 314, "fields": {"name": "Can add Shipping Event Quantity", "content_type": 79, "codename": "add_shippingeventquantity"}}, {"model": "auth.permission", "pk": 315, "fields": {"name": "Can change Shipping Event Quantity", "content_type": 79, "codename": "change_shippingeventquantity"}}, {"model": "auth.permission", "pk": 316, "fields": {"name": "Can delete Shipping Event Quantity", "content_type": 79, "codename": "delete_shippingeventquantity"}}, {"model": "auth.permission", "pk": 317, "fields": {"name": "Can view Shipping Event Quantity", "content_type": 79, "codename": "view_shippingeventquantity"}}, {"model": "auth.permission", "pk": 318, "fields": {"name": "Can add Shipping Event Type", "content_type": 80, "codename": "add_shippingeventtype"}}, {"model": "auth.permission", "pk": 319, "fields": {"name": "Can change Shipping Event Type", "content_type": 80, "codename": "change_shippingeventtype"}}, {"model": "auth.permission", "pk": 320, "fields": {"name": "Can delete Shipping Event Type", "content_type": 80, "codename": "delete_shippingeventtype"}}, {"model": "auth.permission", "pk": 321, "fields": {"name": "Can view Shipping Event Type", "content_type": 80, "codename": "view_shippingeventtype"}}, {"model": "auth.permission", "pk": 322, "fields": {"name": "Can add Order Status Change", "content_type": 81, "codename": "add_orderstatuschange"}}, {"model": "auth.permission", "pk": 323, "fields": {"name": "Can change Order Status Change", "content_type": 81, "codename": "change_orderstatuschange"}}, {"model": "auth.permission", "pk": 324, "fields": {"name": "Can delete Order Status Change", "content_type": 81, "codename": "delete_orderstatuschange"}}, {"model": "auth.permission", "pk": 325, "fields": {"name": "Can view Order Status Change", "content_type": 81, "codename": "view_orderstatuschange"}}, {"model": "auth.permission", "pk": 326, "fields": {"name": "Can add surcharge", "content_type": 82, "codename": "add_surcharge"}}, {"model": "auth.permission", "pk": 327, "fields": {"name": "Can change surcharge", "content_type": 82, "codename": "change_surcharge"}}, {"model": "auth.permission", "pk": 328, "fields": {"name": "Can delete surcharge", "content_type": 82, "codename": "delete_surcharge"}}, {"model": "auth.permission", "pk": 329, "fields": {"name": "Can view surcharge", "content_type": 82, "codename": "view_surcharge"}}, {"model": "auth.permission", "pk": 330, "fields": {"name": "Can add Voucher", "content_type": 83, "codename": "add_voucher"}}, {"model": "auth.permission", "pk": 331, "fields": {"name": "Can change Voucher", "content_type": 83, "codename": "change_voucher"}}, {"model": "auth.permission", "pk": 332, "fields": {"name": "Can delete Voucher", "content_type": 83, "codename": "delete_voucher"}}, {"model": "auth.permission", "pk": 333, "fields": {"name": "Can view Voucher", "content_type": 83, "codename": "view_voucher"}}, {"model": "auth.permission", "pk": 334, "fields": {"name": "Can add Voucher Application", "content_type": 84, "codename": "add_voucherapplication"}}, {"model": "auth.permission", "pk": 335, "fields": {"name": "Can change Voucher Application", "content_type": 84, "codename": "change_voucherapplication"}}, {"model": "auth.permission", "pk": 336, "fields": {"name": "Can delete Voucher Application", "content_type": 84, "codename": "delete_voucherapplication"}}, {"model": "auth.permission", "pk": 337, "fields": {"name": "Can view Voucher Application", "content_type": 84, "codename": "view_voucherapplication"}}, {"model": "auth.permission", "pk": 338, "fields": {"name": "Can add VoucherSet", "content_type": 85, "codename": "add_voucherset"}}, {"model": "auth.permission", "pk": 339, "fields": {"name": "Can change VoucherSet", "content_type": 85, "codename": "change_voucherset"}}, {"model": "auth.permission", "pk": 340, "fields": {"name": "Can delete VoucherSet", "content_type": 85, "codename": "delete_voucherset"}}, {"model": "auth.permission", "pk": 341, "fields": {"name": "Can view VoucherSet", "content_type": 85, "codename": "view_voucherset"}}, {"model": "auth.permission", "pk": 342, "fields": {"name": "Can add Wish list line", "content_type": 86, "codename": "add_line"}}, {"model": "auth.permission", "pk": 343, "fields": {"name": "Can change Wish list line", "content_type": 86, "codename": "change_line"}}, {"model": "auth.permission", "pk": 344, "fields": {"name": "Can delete Wish list line", "content_type": 86, "codename": "delete_line"}}, {"model": "auth.permission", "pk": 345, "fields": {"name": "Can view Wish list line", "content_type": 86, "codename": "view_line"}}, {"model": "auth.permission", "pk": 346, "fields": {"name": "Can add Wish List", "content_type": 87, "codename": "add_wishlist"}}, {"model": "auth.permission", "pk": 347, "fields": {"name": "Can change Wish List", "content_type": 87, "codename": "change_wishlist"}}, {"model": "auth.permission", "pk": 348, "fields": {"name": "Can delete Wish List", "content_type": 87, "codename": "delete_wishlist"}}, {"model": "auth.permission", "pk": 349, "fields": {"name": "Can view Wish List", "content_type": 87, "codename": "view_wishlist"}}, {"model": "auth.permission", "pk": 350, "fields": {"name": "Can add kv store", "content_type": 88, "codename": "add_kvstore"}}, {"model": "auth.permission", "pk": 351, "fields": {"name": "Can change kv store", "content_type": 88, "codename": "change_kvstore"}}, {"model": "auth.permission", "pk": 352, "fields": {"name": "Can delete kv store", "content_type": 88, "codename": "delete_kvstore"}}, {"model": "auth.permission", "pk": 353, "fields": {"name": "Can view kv store", "content_type": 88, "codename": "view_kvstore"}}, {"model": "auth.permission", "pk": 354, "fields": {"name": "Can add message user", "content_type": 89, "codename": "add_messageuser"}}, {"model": "auth.permission", "pk": 355, "fields": {"name": "Can change message user", "content_type": 89, "codename": "change_messageuser"}}, {"model": "auth.permission", "pk": 356, "fields": {"name": "Can delete message user", "content_type": 89, "codename": "delete_messageuser"}}, {"model": "auth.permission", "pk": 357, "fields": {"name": "Can view message user", "content_type": 89, "codename": "view_messageuser"}}, {"model": "auth.permission", "pk": 358, "fields": {"name": "Can add message", "content_type": 90, "codename": "add_message"}}, {"model": "auth.permission", "pk": 359, "fields": {"name": "Can change message", "content_type": 90, "codename": "change_message"}}, {"model": "auth.permission", "pk": 360, "fields": {"name": "Can delete message", "content_type": 90, "codename": "delete_message"}}, {"model": "auth.permission", "pk": 361, "fields": {"name": "Can view message", "content_type": 90, "codename": "view_message"}}, {"model": "auth.permission", "pk": 362, "fields": {"name": "Can add Address", "content_type": 91, "codename": "add_abstractaddress"}}, {"model": "auth.permission", "pk": 363, "fields": {"name": "Can change Address", "content_type": 91, "codename": "change_abstractaddress"}}, {"model": "auth.permission", "pk": 364, "fields": {"name": "Can delete Address", "content_type": 91, "codename": "delete_abstractaddress"}}, {"model": "auth.permission", "pk": 365, "fields": {"name": "Can view Address", "content_type": 91, "codename": "view_abstractaddress"}}, {"model": "auth.permission", "pk": 366, "fields": {"name": "Can add Shipping Method", "content_type": 92, "codename": "add_abstractbase"}}, {"model": "auth.permission", "pk": 367, "fields": {"name": "Can change Shipping Method", "content_type": 92, "codename": "change_abstractbase"}}, {"model": "auth.permission", "pk": 368, "fields": {"name": "Can delete Shipping Method", "content_type": 92, "codename": "delete_abstractbase"}}, {"model": "auth.permission", "pk": 369, "fields": {"name": "Can view Shipping Method", "content_type": 92, "codename": "view_abstractbase"}}, {"model": "auth.permission", "pk": 370, "fields": {"name": "Can add additional info questionaire", "content_type": 93, "codename": "add_additionalinfoquestionaire"}}, {"model": "auth.permission", "pk": 371, "fields": {"name": "Can change additional info questionaire", "content_type": 93, "codename": "change_additionalinfoquestionaire"}}, {"model": "auth.permission", "pk": 372, "fields": {"name": "Can delete additional info questionaire", "content_type": 93, "codename": "delete_additionalinfoquestionaire"}}, {"model": "auth.permission", "pk": 373, "fields": {"name": "Can view additional info questionaire", "content_type": 93, "codename": "view_additionalinfoquestionaire"}}, {"model": "auth.permission", "pk": 374, "fields": {"name": "Can add additional info questionnaire", "content_type": 93, "codename": "add_additionalinfoquestionnaire"}}, {"model": "auth.permission", "pk": 375, "fields": {"name": "Can change additional info questionnaire", "content_type": 93, "codename": "change_additionalinfoquestionnaire"}}, {"model": "auth.permission", "pk": 376, "fields": {"name": "Can delete additional info questionnaire", "content_type": 93, "codename": "delete_additionalinfoquestionnaire"}}, {"model": "auth.permission", "pk": 377, "fields": {"name": "Can view additional info questionnaire", "content_type": 93, "codename": "view_additionalinfoquestionnaire"}}, {"model": "auth.user", "pk": 1, "fields": {"password": "pbkdf2_sha256$260000$kMKKVSarIwq4yRufqGjPXo$mGj7a/BOuXy2rTi9V45OYKYHhz9Nq4lQYfiOwoyHako=", "last_login": "2022-03-05T00:11:37.173Z", "is_superuser": true, "username": "ktuten", "first_name": "", "last_name": "", "email": "kjt1987@gmail.com", "is_staff": true, "is_active": true, "date_joined": "2022-02-18T18:25:35.620Z", "groups": [], "user_permissions": []}}, {"model": "sessions.session", "pk": "1j8qnnpzeb938dmwq3ctxqbo5xol7r5q", "fields": {"session_data": ".eJyrVkrOSE3Ozi8tiU9JLElUsqpWSi9NLS4BMVJzEzNzlKyUMlJzcvIdsksM9PKL0pVqdZSKMzILCjLz0oGKgLykzJwcKKe2FgB_9xyG:1nMHhw:3qIaQoQJ2sG7PN51BkSxJvWKdCBidFjPDLJ3GhTirjc", "expire_date": "2022-03-07T23:03:04.594Z"}}, {"model": "sessions.session", "pk": "auhnswz6pu1qnmvbnxlgjkh46cjgtjkl", "fields": {"session_data": ".eJyrVkrOSE3Ozi8tiU9JLElUsqpWKs7ILCjIzEsHsmt1lJIyc3LgnPTS1OISkJrU3MTMHCUrpYxMh_KMSr3k_Fyl2tpaADttG4M:1nNQ1r:NhgWMa7nWljdGtcjIOAH8B-n4Zl5mPunw8conuKzRuI", "expire_date": "2022-03-11T02:08:19.979Z"}}, {"model": "sessions.session", "pk": "hnna9mcpp9gnjndoxfq3o3i6za5s8p0p", "fields": {"session_data": ".eJytVm1vGzcM_ivGfV26-vwWJ8GwpQjSbE67bknarEMhyDqdT7FOuujFjlv4v4886V6cFh0GzF98okiJfPiQ1JeEFZyttXcko44mp1-SlefW4QcvqZDJaVKIX7bF7kemk_1RYgtRVUKtUKHkrtAZYTrjoGYdVRk1GVkZ7VWWHCWKbwnNMsOtJbngMrNoJbLkVHkpjxInnERLUM2FsY4oWuJ6wZWCo0EsaSe99Y4rlAnFU1in8BsNLr0xeju4ElIOLkzcHoVD8XPcfU7g8_zu5vbXtyAAb1196j0sKm1djOJ4fjydgIhBDM7sCHqb3N2gBaeGFcTxJxfOrAqtOFG-XHIDkh_SwXg-ezGazV7Mh8cnGL923KLuHoBbgocRt_jZYmMhQELhv8XWGc8RbGdExdGEeet0ifcEAFFArl9f3k8vHt8_friY3f4JF-rlA2cu7Ab1oyRe0mC-pJIqBmcOIUbDAQQ4LZ1NZpPx8HiEQgCUK7ZrDDKeUy8dsdobtGukEMGj5wpuy6m0HEWWgbtOaNVqCVvj2Kz7jNoioY4SoTZaME4qw3PxBHuz9GI4nZ6f9_Ysdw5gsR0QLZ0OfazorgSXSCBms5tryIMJqz1SYcPLOtnRcdCmkfywHdgWLBXkmnReYLwIQRpz36ih7xxQy4jUjErM-d-f-qUS6U6fCH_iZYUZUmgPMqg1wsBs3fr3PIikKkm6-PgwHl9XN--v2PxqskvNu78--Ddp0qkL5epsRH5UgowX9A9VdEbDB1Od5L9v-kR5Zg10KUPCZhMkQ1gRRivnDV3KwJsoNZxxwDILsqqSgtF-9nsiknNgeNnnAvWQR9hkz7LWJpUhTyWASt2hSIYjgby2uyy4yDvUSqo8lVjJBTUrXpOnDVsKi8GGrGOuCii_UpuOFE47KklkL8TnDRL35SZ9Gc_7-RC6n74HOGSVSYHKlkPRue_nJyqR3-5G1eW7z9vJ-WL-eiHv5-uP89Xny1dv6vakoGWWAYk25hbT5FlxT0_mJ-Nxv7gTb7FFd32lqaSvijjyv1nWLbmJHVivW9t_KywsJsr6R4PvS15QmROdt8X0TfoDUqsOqREUe2avXyXP1YmuXQ-dAmZRXQ4Ker2UqGW7wnZbbdbN0mBpQ1iuMMDTDBPgkQs9QPdfVSZxu6ou9XDTJ-wDmkGr7ZV8XSIV4BQaXyPcCL5tVtDcfEVyX7PXW7pqke6P2raLQ1zC7fqTLE4qHFNKQMYHNzja7H-alDgAa7ofzMDejEQGU2NEx5TDWT1opnNsjDANYRjCLIyj0BnK1jjzmnEZm93hVKkvrCFueNix61t7xPq8nhqdiseBi_kUgBfpl0nwQllo1fGtE9tyI8R3S9V69r8WLJxXMwzcUFSYeqRXEDm0HU6WHiiD7wAkFNy0JJidVhqBPjs7k6VcyzDSBR4FGRMq1_UbJR2OEE6_LAUwEEsM2p3JIKwG8XQ4HKZjfAHYNThbG433-_0_dn94jg:1nQyVb:8cvCFH6jGHVCP80aJwgF4TwOF5lxZGluGzypZeDXiIA", "expire_date": "2022-03-20T21:33:43.328Z"}}, {"model": "sessions.session", "pk": "oayjno5mhk99z2v228dkn5ghfm4vcra2", "fields": {"session_data": ".eJyrVkrOSE3Ozi8tiU9JLElUsqpWKs7ILCjIzEsHsmt1lJIyc3LgnPTS1OISELO2FgBegBTj:1nNPTI:kNfuq96slwa3-vrNxXC-Fw9a6BUqa53QxYpn3KB6jPQ", "expire_date": "2022-03-11T01:32:36.769Z"}}, {"model": "sessions.session", "pk": "p36er0hbvq1vr2lchrht52iuxeqqphia", "fields": {"session_data": ".eJxtU9tu2zAM_ZVAr3OH2nEdJ08rdgGGFXtom2HAMAiyTMdaZcnVpUlQ-N9HxnbSAXsTj0jq8BzqlckW5JONgdciCLZ5ZbsIPtABOqE027BWfdi3x_fSdmxImG9V3yuzo4wOQmtrLm0NmOeDMLVwNd85G03NEmZgz0VdO_CeNwp07alK1WxjotYJCypoqsTURjkfuBEdxd_AGGyNsBYX9DEGMIQpAynGRZZmi4_O7hd3wkCyuO3DIs-yKSMb-9JxeTnmeLzdPjx-_Y4AEg6nxj8x6K0P0yCrcpXfICRxjOCOnAiz7QNVgHCy5QEOYezZt9YAN7GrwCHyLl0sy-JqmedX5fVqTRLYAJ5yB9SuUlqP0pGQwakeSBAZfbAdNRjFIYDffWm2W5OVP9T9p-weO9nqD8gw3o7pCZvEnfWshBZGYs9rJO8Ap8NuaZEX2bq4KQmMzoGRx7mghkZEHbi30VHdjCLL5wgGX2uE9kCQl0g3KGvOWcqfBJrj_6xLwpR5sUoC7x006kCmLYvPabnO39x5CAFV8RcpzsvyL8teHDskxce1m28bixK7MRrI5RfoTj5O1DFbTLuN1-MujZUGbeQXFjQxiZBOts5pxB1Qt5prK4UmO3_9fvsRpmUWBw4H6HryyFA9YviVuMSyp4kfMnim_4U6GqHcyf4etW-FB15FjyuKfyUcaTFYxcnjMzp9gzQdjVfURGgcoLGnFV2WwzD8BUc1Sjs:1nPgwv:A74aAssIWGtSf-k5SLBhrZekFZneZa3EpqUPPdbAmZ4", "expire_date": "2022-03-17T08:36:37.825Z"}}, {"model": "sessions.session", "pk": "wooxlfoytu6pqmu1orlhd20gu7qdm0p0", "fields": {"session_data": ".eJyrVkrOSE3Ozi8tiU9JLElUsqpWKs7ILCjIzEsHsmt1lJIyc3LgnPTS1OISELO2FgBegBTj:1nNPIQ:nMgGT1BdtUSHu-bMUMb5vH3mPQ3T5_XPS_sohcg9aXk", "expire_date": "2022-03-11T01:21:22.954Z"}}, {"model": "sessions.session", "pk": "wptk0ld43zj83qdzbj3j2yl1nhjcdkw9", "fields": {"session_data": ".eJytVm1v2zYQ_iuBvi5NLdmRnADDliBZkzZLtjlJuw0FQVFnizVFqiSVxCj833endydBhwHzF4vH4_Hunufu-C0QOYi1qTzLuOfB8bdgVYHz9AEFlyo4DnL582O-ORAm2O4HLpdlKfWKFArwucmYMBmgmvNcZ9xmbGVNpbNgP9DwyHiWWXCOLSWozNEpmQXHulJqP_DSKzqJqktpnWeaF7T-AFqjaRQrPkhvKw-aZFJDiOuj-STcW9zeXJ9fnXw43zu9uj9rd6PGJn1Oh88Zfp7cLW4vr1GAzvra6CdclMb5NohknhweoUhgCN5uGDkb3C3oBHArcubhyTc2y9xoYLoqUrAo-SHcm87jN1Ecv5lPErKhjQdHulvMWyqVatPWfvapcRgf4_jfp9bbCvAMKkgvjeaKSb00dPaZqPYvRNWvBBrKNZcWSLGs0FvugKWVw-DxGr8pKcKUWfStl7bJzWXw4r7GeDgn1L2VZW1XVM6bgiJukCQBu7qILk_i1f08ufl9naAlk34B4ZvdRr22TuF24KdccS3Q5gSzbQHhoNviWRyH0SQJUVhZC1psugMZLHmlPHMGQ4NBirnE6DXetuTKAYmcQHcpkl5LuhrRbt1Su1lI_WCkAFZaWMondHp2dnKYzKNpMOw58B6hcUMKekbvelfyTYHOsKY2ut2lQS7YZrUlOj5AUROudRm1eVt_uN1g0pzUyDc2eEGRUvBhy79OjXwHzFfGlBFcEe_-_jyu1rbi-BODJyhKwkbTeZQhc5jAY-vevy4IqX2d2BbqUrLpB353Jq7Kxf2FmF_MNuG7jzfR3btwjPmz04h80eQ-mszjw27JBC99ZXmqGg60UgsCMDtZIytLJQUfIzkSsSVg3RRjXHmFyOCmeIZDD5MgzilME_e7ItWYRCK64bLGRejBHOxTi8i5XUHNiD50JR0F3EBJAGAJssLYAWlvPJZXS0YMsbLUYt8-hG9bez_tpu_H7yUdoRJKkrIDrCH_fYxaJfbLYhIVUk3__BjD5UxfVteffjv_OhVl3fc0tuKiScbrYb-o1Whcq0HlqPUPbeL1BvFKjbYk75Z16-9ygdQ2tt_5l-qhiuFibBpjSSHnasnMsq-YZ4UalAULKXN8yNxm-vh0-8flafBcnZna9aYd4MyrS0TjUFGKtNxQvf7R2HW3tFD3aeZzi9TNCJCKuDFK8Hb74i5q3FTPzU2fqdiNwE46quu6akrM07ivWXiQ8NitsINVJVtWNaErx1d0LybGkSVDg3U82vtmjfFJvxmPznY00lzUEpmwt6BZ6v7LZKaBW1fBzswdzWQiNrdWQg_67tNgr3sMtE0Qpy8OX5y97ej1los1zdhuPLeNbXd21BfWme7oOJDstT3mqmU9IQaVigY8wYpj17Fx9TReaIdtuX1atS24E9IzqXzRcnfp-JdcvB_R8V4L9X46Cf7nsqfEVGkhGyJQP7MZOtjlLpzgL6SJ7dZop3ly4BmGrM2RSqhajwcaAiNZihCApo3sC9crgw9I5I1MD0jloN11B78iCdRpq7tjAHtnjqejbDrhIpkkaRilGcymkGZJmMU8EjycRxCmR9MjfKbwwyRNppPZLI7Cw1mYzXHYRPEEgu0_Sw280w:1nR1lF:vmkRIqE4sYj1qNYb7Zvu6fMwJeFzwBHa_AtKY3NsVsE", "expire_date": "2022-03-21T01:02:05.239Z"}}, {"model": "generic.additionalinfoquestionnaire", "pk": 1, "fields": {"purchase_business_type": "b_r", "business_name": "hi", "date_created": "2022-02-27"}}, {"model": "generic.additionalinfoquestionnaire", "pk": 2, "fields": {"purchase_business_type": "b_r", "business_name": "hi", "date_created": "2022-03-01"}}, {"model": "generic.additionalinfoquestionnaire", "pk": 3, "fields": {"purchase_business_type": "b_r", "business_name": "aa", "date_created": "2022-03-01"}}, {"model": "generic.additionalinfoquestionnaire", "pk": 4, "fields": {"purchase_business_type": "b_r", "business_name": "hi", "date_created": "2022-03-01"}}, {"model": "generic.additionalinfoquestionnaire", "pk": 15, "fields": {"purchase_business_type": "b_r", "business_name": "hi", "date_created": "2022-03-01"}}, {"model": "generic.additionalinfoquestionnaire", "pk": 16, "fields": {"purchase_business_type": "b_r", "business_name": "y", "date_created": "2022-03-01"}}, {"model": "generic.additionalinfoquestionnaire", "pk": 17, "fields": {"purchase_business_type": "b_r", "business_name": "aa", "date_created": "2022-03-01"}}, {"model": "generic.additionalinfoquestionnaire", "pk": 18, "fields": {"purchase_business_type": "b_r", "business_name": "aa", "date_created": "2022-03-01"}}, {"model": "generic.additionalinfoquestionnaire", "pk": 19, "fields": {"purchase_business_type": "b_r", "business_name": "aa", "date_created": "2022-03-01"}}, {"model": "generic.additionalinfoquestionnaire", "pk": 20, "fields": {"purchase_business_type": "b_r", "business_name": "hi", "date_created": "2022-03-01"}}, {"model": "generic.additionalinfoquestionnaire", "pk": 21, "fields": {"purchase_business_type": "b_r", "business_name": "hi", "date_created": "2022-03-01"}}, {"model": "generic.additionalinfoquestionnaire", "pk": 22, "fields": {"purchase_business_type": "b_r", "business_name": "11", "date_created": "2022-03-01"}}, {"model": "generic.additionalinfoquestionnaire", "pk": 23, "fields": {"purchase_business_type": "b_r", "business_name": "aa", "date_created": "2022-03-01"}}, {"model": "generic.additionalinfoquestionnaire", "pk": 24, "fields": {"purchase_business_type": "b_r", "business_name": "111", "date_created": "2022-03-01"}}, {"model": "generic.additionalinfoquestionnaire", "pk": 25, "fields": {"purchase_business_type": "b_r", "business_name": "111", "date_created": "2022-03-01"}}, {"model": "generic.additionalinfoquestionnaire", "pk": 27, "fields": {"purchase_business_type": "b_r", "business_name": "11", "date_created": "2022-03-01"}}, {"model": "generic.additionalinfoquestionnaire", "pk": 28, "fields": {"purchase_business_type": "b_r", "business_name": "11", "date_created": "2022-03-01"}}, {"model": "generic.additionalinfoquestionnaire", "pk": 29, "fields": {"purchase_business_type": "b_r", "business_name": "11", "date_created": "2022-03-01"}}, {"model": "generic.additionalinfoquestionnaire", "pk": 30, "fields": {"purchase_business_type": "b_r", "business_name": "11", "date_created": "2022-03-01"}}, {"model": "generic.additionalinfoquestionnaire", "pk": 31, "fields": {"purchase_business_type": "b_r", "business_name": "11", "date_created": "2022-03-01"}}, {"model": "generic.additionalinfoquestionnaire", "pk": 32, "fields": {"purchase_business_type": "b_r", "business_name": "11", "date_created": "2022-03-02"}}, {"model": "generic.additionalinfoquestionnaire", "pk": 33, "fields": {"purchase_business_type": "b_r", "business_name": "11", "date_created": "2022-03-02"}}, {"model": "generic.additionalinfoquestionnaire", "pk": 34, "fields": {"purchase_business_type": "b_r", "business_name": "hi", "date_created": "2022-03-03"}}, {"model": "generic.additionalinfoquestionnaire", "pk": 35, "fields": {"purchase_business_type": "b_r", "business_name": "1122", "date_created": "2022-03-03"}}, {"model": "generic.additionalinfoquestionnaire", "pk": 36, "fields": {"purchase_business_type": "b_r", "business_name": "111aaaaaa", "date_created": "2022-03-03"}}, {"model": "generic.additionalinfoquestionnaire", "pk": 37, "fields": {"purchase_business_type": "b_r", "business_name": "111aaaaaabbbbb", "date_created": "2022-03-03"}}, {"model": "generic.additionalinfoquestionnaire", "pk": 38, "fields": {"purchase_business_type": "b_r", "business_name": "11", "date_created": "2022-03-03"}}, {"model": "generic.additionalinfoquestionnaire", "pk": 39, "fields": {"purchase_business_type": "b_r", "business_name": "aaaaa", "date_created": "2022-03-03"}}, {"model": "generic.additionalinfoquestionnaire", "pk": 40, "fields": {"purchase_business_type": "b_r", "business_name": "aaaa", "date_created": "2022-03-03"}}, {"model": "generic.additionalinfoquestionnaire", "pk": 41, "fields": {"purchase_business_type": "b_r", "business_name": "aaa", "date_created": "2022-03-03"}}, {"model": "generic.additionalinfoquestionnaire", "pk": 42, "fields": {"purchase_business_type": "b_r", "business_name": "aaaa", "date_created": "2022-03-03"}}, {"model": "generic.additionalinfoquestionnaire", "pk": 43, "fields": {"purchase_business_type": "b_r", "business_name": "aaaaa", "date_created": "2022-03-03"}}, {"model": "generic.additionalinfoquestionnaire", "pk": 44, "fields": {"purchase_business_type": "b_r", "business_name": "aaa", "date_created": "2022-03-03"}}, {"model": "generic.additionalinfoquestionnaire", "pk": 45, "fields": {"purchase_business_type": "b_r", "business_name": "aaa", "date_created": "2022-03-03"}}, {"model": "generic.additionalinfoquestionnaire", "pk": 46, "fields": {"purchase_business_type": "b_r", "business_name": "11", "date_created": "2022-03-03"}}, {"model": "generic.additionalinfoquestionnaire", "pk": 47, "fields": {"purchase_business_type": "b_r", "business_name": "aaaa", "date_created": "2022-03-03"}}, {"model": "generic.additionalinfoquestionnaire", "pk": 48, "fields": {"purchase_business_type": "b_r", "business_name": "aaaa", "date_created": "2022-03-03"}}, {"model": "generic.additionalinfoquestionnaire", "pk": 49, "fields": {"purchase_business_type": "b_r", "business_name": "aaa", "date_created": "2022-03-03"}}, {"model": "generic.additionalinfoquestionnaire", "pk": 50, "fields": {"purchase_business_type": "b_r", "business_name": "aa", "date_created": "2022-03-03"}}, {"model": "generic.additionalinfoquestionnaire", "pk": 51, "fields": {"purchase_business_type": "b_r", "business_name": "aa", "date_created": "2022-03-03"}}, {"model": "generic.additionalinfoquestionnaire", "pk": 52, "fields": {"purchase_business_type": "b_r", "business_name": "aa", "date_created": "2022-03-04"}}, {"model": "generic.additionalinfoquestionnaire", "pk": 53, "fields": {"purchase_business_type": "b_r", "business_name": "hi", "date_created": "2022-03-04"}}, {"model": "generic.additionalinfoquestionnaire", "pk": 54, "fields": {"purchase_business_type": "b_r", "business_name": "aaa", "date_created": "2022-03-04"}}, {"model": "generic.additionalinfoquestionnaire", "pk": 55, "fields": {"purchase_business_type": "b_r", "business_name": "hh", "date_created": "2022-03-04"}}, {"model": "generic.additionalinfoquestionnaire", "pk": 56, "fields": {"purchase_business_type": "b_r", "business_name": "aa", "date_created": "2022-03-04"}}, {"model": "generic.additionalinfoquestionnaire", "pk": 57, "fields": {"purchase_business_type": "b_r", "business_name": "hh", "date_created": "2022-03-04"}}, {"model": "generic.additionalinfoquestionnaire", "pk": 58, "fields": {"purchase_business_type": "b_r", "business_name": "hh", "date_created": "2022-03-04"}}, {"model": "generic.additionalinfoquestionnaire", "pk": 59, "fields": {"purchase_business_type": "b_r", "business_name": "aaa", "date_created": "2022-03-04"}}, {"model": "generic.additionalinfoquestionnaire", "pk": 60, "fields": {"purchase_business_type": "b_r", "business_name": "aa", "date_created": "2022-03-04"}}, {"model": "generic.additionalinfoquestionnaire", "pk": 61, "fields": {"purchase_business_type": "b_r", "business_name": "kk", "date_created": "2022-03-04"}}, {"model": "generic.additionalinfoquestionnaire", "pk": 62, "fields": {"purchase_business_type": "b_r", "business_name": "a", "date_created": "2022-03-04"}}, {"model": "generic.additionalinfoquestionnaire", "pk": 63, "fields": {"purchase_business_type": "b_r", "business_name": "aa", "date_created": "2022-03-04"}}, {"model": "generic.additionalinfoquestionnaire", "pk": 64, "fields": {"purchase_business_type": "b_r", "business_name": "sa", "date_created": "2022-03-04"}}, {"model": "generic.additionalinfoquestionnaire", "pk": 65, "fields": {"purchase_business_type": "b_r", "business_name": "sa", "date_created": "2022-03-04"}}, {"model": "generic.additionalinfoquestionnaire", "pk": 66, "fields": {"purchase_business_type": "b_r", "business_name": "hh", "date_created": "2022-03-04"}}, {"model": "generic.additionalinfoquestionnaire", "pk": 67, "fields": {"purchase_business_type": "b_r", "business_name": "aa", "date_created": "2022-03-04"}}, {"model": "generic.additionalinfoquestionnaire", "pk": 68, "fields": {"purchase_business_type": "b_r", "business_name": "jjjj", "date_created": "2022-03-04"}}, {"model": "generic.additionalinfoquestionnaire", "pk": 69, "fields": {"purchase_business_type": "b_r", "business_name": "hi@hyy.", "date_created": "2022-03-04"}}, {"model": "generic.additionalinfoquestionnaire", "pk": 70, "fields": {"purchase_business_type": "b_r", "business_name": "aa", "date_created": "2022-03-04"}}, {"model": "generic.additionalinfoquestionnaire", "pk": 71, "fields": {"purchase_business_type": "b_r", "business_name": "aa", "date_created": "2022-03-04"}}, {"model": "generic.additionalinfoquestionnaire", "pk": 72, "fields": {"purchase_business_type": "b_r", "business_name": "aa", "date_created": "2022-03-04"}}, {"model": "generic.additionalinfoquestionnaire", "pk": 73, "fields": {"purchase_business_type": "b_r", "business_name": "aa", "date_created": "2022-03-04"}}, {"model": "generic.additionalinfoquestionnaire", "pk": 74, "fields": {"purchase_business_type": "b_r", "business_name": "kk", "date_created": "2022-03-04"}}, {"model": "generic.additionalinfoquestionnaire", "pk": 75, "fields": {"purchase_business_type": "b_r", "business_name": "aa", "date_created": "2022-03-04"}}, {"model": "generic.additionalinfoquestionnaire", "pk": 76, "fields": {"purchase_business_type": "b_r", "business_name": "aaaa", "date_created": "2022-03-04"}}, {"model": "generic.additionalinfoquestionnaire", "pk": 77, "fields": {"purchase_business_type": "b_r", "business_name": "aa", "date_created": "2022-03-04"}}, {"model": "generic.additionalinfoquestionnaire", "pk": 78, "fields": {"purchase_business_type": "b_r", "business_name": "aa", "date_created": "2022-03-04"}}, {"model": "generic.additionalinfoquestionnaire", "pk": 79, "fields": {"purchase_business_type": "h", "business_name": "aa", "date_created": "2022-03-06"}}, {"model": "generic.additionalinfoquestionnaire", "pk": 80, "fields": {"purchase_business_type": "b_r", "business_name": "aa", "date_created": "2022-03-06"}}, {"model": "generic.additionalinfoquestionnaire", "pk": 83, "fields": {"purchase_business_type": "b_r", "business_name": "hh", "date_created": "2022-03-06"}}, {"model": "generic.additionalinfoquestionnaire", "pk": 84, "fields": {"purchase_business_type": "b_r", "business_name": "aa", "date_created": "2022-03-06"}}, {"model": "generic.additionalinfoquestionnaire", "pk": 85, "fields": {"purchase_business_type": "b_r", "business_name": "aa", "date_created": "2022-03-06"}}, {"model": "generic.additionalinfoquestionnaire", "pk": 86, "fields": {"purchase_business_type": "b_r", "business_name": "aa", "date_created": "2022-03-06"}}, {"model": "generic.additionalinfoquestionnaire", "pk": 87, "fields": {"purchase_business_type": "b_r", "business_name": "aa", "date_created": "2022-03-06"}}, {"model": "generic.additionalinfoquestionnaire", "pk": 88, "fields": {"purchase_business_type": "b_r", "business_name": "hh", "date_created": "2022-03-06"}}, {"model": "generic.additionalinfoquestionnaire", "pk": 89, "fields": {"purchase_business_type": "b_r", "business_name": "aa", "date_created": "2022-03-06"}}, {"model": "generic.additionalinfoquestionnaire", "pk": 90, "fields": {"purchase_business_type": "b_r", "business_name": "aa", "date_created": "2022-03-06"}}, {"model": "generic.additionalinfoquestionnaire", "pk": 91, "fields": {"purchase_business_type": "b_r", "business_name": "aa", "date_created": "2022-03-06"}}, {"model": "generic.additionalinfoquestionnaire", "pk": 92, "fields": {"purchase_business_type": "b_r", "business_name": "11", "date_created": "2022-03-06"}}, {"model": "generic.additionalinfoquestionnaire", "pk": 93, "fields": {"purchase_business_type": "b_r", "business_name": "hh", "date_created": "2022-03-06"}}, {"model": "generic.additionalinfoquestionnaire", "pk": 94, "fields": {"purchase_business_type": "b_r", "business_name": "aa", "date_created": "2022-03-06"}}, {"model": "generic.additionalinfoquestionnaire", "pk": 95, "fields": {"purchase_business_type": "b_r", "business_name": "asa", "date_created": "2022-03-06"}}, {"model": "generic.additionalinfoquestionnaire", "pk": 96, "fields": {"purchase_business_type": "b_r", "business_name": "aa", "date_created": "2022-03-06"}}, {"model": "generic.additionalinfoquestionnaire", "pk": 97, "fields": {"purchase_business_type": "b_r", "business_name": "11", "date_created": "2022-03-06"}}, {"model": "generic.additionalinfoquestionnaire", "pk": 98, "fields": {"purchase_business_type": "b_r", "business_name": "aa", "date_created": "2022-03-06"}}, {"model": "generic.additionalinfoquestionnaire", "pk": 99, "fields": {"purchase_business_type": "b_r", "business_name": "aa", "date_created": "2022-03-06"}}, {"model": "generic.additionalinfoquestionnaire", "pk": 100, "fields": {"purchase_business_type": "o", "business_name": "aaa", "date_created": "2022-03-06"}}, {"model": "generic.additionalinfoquestionnaire", "pk": 101, "fields": {"purchase_business_type": "b_r", "business_name": "aaa", "date_created": "2022-03-06"}}, {"model": "generic.additionalinfoquestionnaire", "pk": 102, "fields": {"purchase_business_type": "b_r", "business_name": ";;;lmlkl", "date_created": "2022-03-06"}}, {"model": "generic.additionalinfoquestionnaire", "pk": 103, "fields": {"purchase_business_type": "b_r", "business_name": "aa", "date_created": "2022-03-06"}}, {"model": "generic.additionalinfoquestionnaire", "pk": 104, "fields": {"purchase_business_type": "b_r", "business_name": "aa", "date_created": "2022-03-06"}}, {"model": "generic.additionalinfoquestionnaire", "pk": 105, "fields": {"purchase_business_type": "b_r", "business_name": "aa", "date_created": "2022-03-06"}}, {"model": "generic.additionalinfoquestionnaire", "pk": 106, "fields": {"purchase_business_type": "b_r", "business_name": "hh", "date_created": "2022-03-06"}}, {"model": "generic.additionalinfoquestionnaire", "pk": 107, "fields": {"purchase_business_type": "b_r", "business_name": "as", "date_created": "2022-03-06"}}, {"model": "generic.additionalinfoquestionnaire", "pk": 108, "fields": {"purchase_business_type": "b_r", "business_name": "aa", "date_created": "2022-03-06"}}, {"model": "generic.additionalinfoquestionnaire", "pk": 109, "fields": {"purchase_business_type": "b_r", "business_name": "hh", "date_created": "2022-03-06"}}, {"model": "generic.additionalinfoquestionnaire", "pk": 110, "fields": {"purchase_business_type": "b_r", "business_name": "hh", "date_created": "2022-03-06"}}, {"model": "generic.additionalinfoquestionnaire", "pk": 111, "fields": {"purchase_business_type": "b_r", "business_name": "a", "date_created": "2022-03-06"}}, {"model": "generic.additionalinfoquestionnaire", "pk": 112, "fields": {"purchase_business_type": "b_r", "business_name": "asas", "date_created": "2022-03-06"}}, {"model": "generic.additionalinfoquestionnaire", "pk": 113, "fields": {"purchase_business_type": "b_r", "business_name": "aaa", "date_created": "2022-03-06"}}, {"model": "generic.additionalinfoquestionnaire", "pk": 114, "fields": {"purchase_business_type": "b_r", "business_name": "aa", "date_created": "2022-03-06"}}, {"model": "generic.additionalinfoquestionnaire", "pk": 115, "fields": {"purchase_business_type": "b_r", "business_name": "aaa", "date_created": "2022-03-06"}}, {"model": "generic.additionalinfoquestionnaire", "pk": 116, "fields": {"purchase_business_type": "b_r", "business_name": "11", "date_created": "2022-03-06"}}, {"model": "generic.additionalinfoquestionnaire", "pk": 117, "fields": {"purchase_business_type": "b_r", "business_name": "aa", "date_created": "2022-03-06"}}, {"model": "generic.additionalinfoquestionnaire", "pk": 118, "fields": {"purchase_business_type": "b_r", "business_name": "hi", "date_created": "2022-03-06"}}, {"model": "recipes.recipe", "pk": 1, "fields": {"name": "Dirty Martini", "description": "The classic Dry Martini is the standard bearer among recipes and variations, but countless riffs take the drink in new directions, from the 50/50 Martini, which combines equals parts gin and dry vermouth, to the Perfect Martini, which splits the vermouth between sweet and dry. There are also countless tinis, often sugary, neon-colored drinks served in stemmed glasses that are another category of drink. (For this exercise, those dont count.) And then you have the savory, beguiling and controversial Dirty Martini.", "ingredients": "[\"2 1/2 ounces gin or vodka\", \"1/2 ounce dry vermouth\", \"1/2 ounce olive brine\", \"Garnish: 2 to 4 olives\"]", "steps": "[\"Add the gin or vodka, vermouth and olive brine to a mixing glass filled with ice and stir until well-chilled.\", \"Strain into a chilled cocktail glass.\", \"Garnish with a skewer of olives.\"]", "slug": "dirty-martini", "date_created": "2022-02-19", "last_modified": "2022-02-19", "featured": true, "image": "images/recipes/dirty-martini/dry_martini_jsLK4Oo.jpeg"}}, {"model": "recipes.recipe", "pk": 9, "fields": {"name": "Bourbon Old Fashioned", "description": "Start by using good bourbon, the rule being that if you wouldnt sip it by itself it has no place at the helm of a Bourbon Old Fashioned. (There are other whiskey drinks for masking subpar boozethis isnt one of them.) From there, the cocktail-minded seem to break into two camps: simple syrup or muddled sugar.", "ingredients": "[\"1/2 teaspoon sugar\", \"3 dashes Angostura bitters\", \"1 teaspoon water\", \"2 ounces bourbon\", \"Garnish: orange peel\"]", "steps": "[\"Add the sugar and bitters to a rocks glass, then add the water, and stir until the sugar is nearly dissolved.\", \"Fill the glass with large ice cubes, add the bourbon, and gently stir to combine.\", \"Express the oil of an orange peel over the glass, then drop in.\"]", "slug": "bourbon-old-fashioned", "date_created": "2022-02-19", "last_modified": "2022-02-19", "featured": true, "image": "images/recipes/bourbon-old-fashioned/bourbon_old_fashioned_J261GwG.jpeg"}}, {"model": "address.useraddress", "pk": 2, "fields": {"title": "", "first_name": "aaaa", "last_name": "bbbb", "line1": "4444 Hello Der Dr", "line2": "", "line3": "", "line4": "AUSTIN", "state": "TX", "postcode": "78751", "country": "US", "search_text": "aaaa bbbb 4444 Hello Der Dr AUSTIN TX 78751 United States of America", "phone_number": "+13862668079", "notes": "", "user": 1, "is_default_for_shipping": false, "is_default_for_billing": false, "num_orders_as_shipping_address": 1, "num_orders_as_billing_address": 1, "hash": "2597202328", "date_created": "2022-03-06T22:42:48.333Z"}}, {"model": "address.useraddress", "pk": 3, "fields": {"title": "", "first_name": "Kenneth", "last_name": "Tuten", "line1": "9801 STONELAKE BLVD", "line2": "", "line3": "", "line4": "AUSTIN", "state": "TX", "postcode": "78759", "country": "US", "search_text": "Kenneth Tuten 9801 STONELAKE BLVD AUSTIN TX 78759 United States of America", "phone_number": "+13862668079", "notes": "", "user": 1, "is_default_for_shipping": false, "is_default_for_billing": false, "num_orders_as_shipping_address": 1, "num_orders_as_billing_address": 1, "hash": "2338143072", "date_created": "2022-03-07T00:16:33.319Z"}}, {"model": "address.country", "pk": "AD", "fields": {"iso_3166_1_a3": "AND", "iso_3166_1_numeric": "020", "printable_name": "Andorra", "name": "Principality of Andorra", "display_order": 0, "is_shipping_country": true}}, {"model": "address.country", "pk": "AE", "fields": {"iso_3166_1_a3": "ARE", "iso_3166_1_numeric": "784", "printable_name": "United Arab Emirates", "name": "", "display_order": 0, "is_shipping_country": true}}, {"model": "address.country", "pk": "AF", "fields": {"iso_3166_1_a3": "AFG", "iso_3166_1_numeric": "004", "printable_name": "Afghanistan", "name": "Islamic Republic of Afghanistan", "display_order": 0, "is_shipping_country": true}}, {"model": "address.country", "pk": "AG", "fields": {"iso_3166_1_a3": "ATG", "iso_3166_1_numeric": "028", "printable_name": "Antigua and Barbuda", "name": "", "display_order": 0, "is_shipping_country": true}}, {"model": "address.country", "pk": "AI", "fields": {"iso_3166_1_a3": "AIA", "iso_3166_1_numeric": "660", "printable_name": "Anguilla", "name": "", "display_order": 0, "is_shipping_country": true}}, {"model": "address.country", "pk": "AL", "fields": {"iso_3166_1_a3": "ALB", "iso_3166_1_numeric": "008", "printable_name": "Albania", "name": "Republic of Albania", "display_order": 0, "is_shipping_country": true}}, {"model": "address.country", "pk": "AM", "fields": {"iso_3166_1_a3": "ARM", "iso_3166_1_numeric": "051", "printable_name": "Armenia", "name": "Republic of Armenia", "display_order": 0, "is_shipping_country": true}}, {"model": "address.country", "pk": "AO", "fields": {"iso_3166_1_a3": "AGO", "iso_3166_1_numeric": "024", "printable_name": "Angola", "name": "Republic of Angola", "display_order": 0, "is_shipping_country": true}}, {"model": "address.country", "pk": "AQ", "fields": {"iso_3166_1_a3": "ATA", "iso_3166_1_numeric": "010", "printable_name": "Antarctica", "name": "", "display_order": 0, "is_shipping_country": true}}, {"model": "address.country", "pk": "AR", "fields": {"iso_3166_1_a3": "ARG", "iso_3166_1_numeric": "032", "printable_name": "Argentina", "name": "Argentine Republic", "display_order": 0, "is_shipping_country": true}}, {"model": "address.country", "pk": "AS", "fields": {"iso_3166_1_a3": "ASM", "iso_3166_1_numeric": "016", "printable_name": "American Samoa", "name": "", "display_order": 0, "is_shipping_country": true}}, {"model": "address.country", "pk": "AT", "fields": {"iso_3166_1_a3": "AUT", "iso_3166_1_numeric": "040", "printable_name": "Austria", "name": "Republic of Austria", "display_order": 0, "is_shipping_country": true}}, {"model": "address.country", "pk": "AU", "fields": {"iso_3166_1_a3": "AUS", "iso_3166_1_numeric": "036", "printable_name": "Australia", "name": "", "display_order": 0, "is_shipping_country": true}}, {"model": "address.country", "pk": "AW", "fields": {"iso_3166_1_a3": "ABW", "iso_3166_1_numeric": "533", "printable_name": "Aruba", "name": "", "display_order": 0, "is_shipping_country": true}}, {"model": "address.country", "pk": "AX", "fields": {"iso_3166_1_a3": "ALA", "iso_3166_1_numeric": "248", "printable_name": "land Islands", "name": "", "display_order": 0, "is_shipping_country": true}}, {"model": "address.country", "pk": "AZ", "fields": {"iso_3166_1_a3": "AZE", "iso_3166_1_numeric": "031", "printable_name": "Azerbaijan", "name": "Republic of Azerbaijan", "display_order": 0, "is_shipping_country": true}}, {"model": "address.country", "pk": "BA", "fields": {"iso_3166_1_a3": "BIH", "iso_3166_1_numeric": "070", "printable_name": "Bosnia and Herzegovina", "name": "Republic of Bosnia and Herzegovina", "display_order": 0, "is_shipping_country": true}}, {"model": "address.country", "pk": "BB", "fields": {"iso_3166_1_a3": "BRB", "iso_3166_1_numeric": "052", "printable_name": "Barbados", "name": "", "display_order": 0, "is_shipping_country": true}}, {"model": "address.country", "pk": "BD", "fields": {"iso_3166_1_a3": "BGD", "iso_3166_1_numeric": "050", "printable_name": "Bangladesh", "name": "People's Republic of Bangladesh", "display_order": 0, "is_shipping_country": true}}, {"model": "address.country", "pk": "BE", "fields": {"iso_3166_1_a3": "BEL", "iso_3166_1_numeric": "056", "printable_name": "Belgium", "name": "Kingdom of Belgium", "display_order": 0, "is_shipping_country": true}}, {"model": "address.country", "pk": "BF", "fields": {"iso_3166_1_a3": "BFA", "iso_3166_1_numeric": "854", "printable_name": "Burkina Faso", "name": "", "display_order": 0, "is_shipping_country": true}}, {"model": "address.country", "pk": "BG", "fields": {"iso_3166_1_a3": "BGR", "iso_3166_1_numeric": "100", "printable_name": "Bulgaria", "name": "Republic of Bulgaria", "display_order": 0, "is_shipping_country": true}}, {"model": "address.country", "pk": "BH", "fields": {"iso_3166_1_a3": "BHR", "iso_3166_1_numeric": "048", "printable_name": "Bahrain", "name": "Kingdom of Bahrain", "display_order": 0, "is_shipping_country": true}}, {"model": "address.country", "pk": "BI", "fields": {"iso_3166_1_a3": "BDI", "iso_3166_1_numeric": "108", "printable_name": "Burundi", "name": "Republic of Burundi", "display_order": 0, "is_shipping_country": true}}, {"model": "address.country", "pk": "BJ", "fields": {"iso_3166_1_a3": "BEN", "iso_3166_1_numeric": "204", "printable_name": "Benin", "name": "Republic of Benin", "display_order": 0, "is_shipping_country": true}}, {"model": "address.country", "pk": "BL", "fields": {"iso_3166_1_a3": "BLM", "iso_3166_1_numeric": "652", "printable_name": "Saint Barthlemy", "name": "", "display_order": 0, "is_shipping_country": true}}, {"model": "address.country", "pk": "BM", "fields": {"iso_3166_1_a3": "BMU", "iso_3166_1_numeric": "060", "printable_name": "Bermuda", "name": "", "display_order": 0, "is_shipping_country": true}}, {"model": "address.country", "pk": "BN", "fields": {"iso_3166_1_a3": "BRN", "iso_3166_1_numeric": "096", "printable_name": "Brunei Darussalam", "name": "", "display_order": 0, "is_shipping_country": true}}, {"model": "address.country", "pk": "BO", "fields": {"iso_3166_1_a3": "BOL", "iso_3166_1_numeric": "068", "printable_name": "Bolivia, Plurinational State of", "name": "Plurinational State of Bolivia", "display_order": 0, "is_shipping_country": true}}, {"model": "address.country", "pk": "BQ", "fields": {"iso_3166_1_a3": "BES", "iso_3166_1_numeric": "535", "printable_name": "Bonaire, Sint Eustatius and Saba", "name": "Bonaire, Sint Eustatius and Saba", "display_order": 0, "is_shipping_country": true}}, {"model": "address.country", "pk": "BR", "fields": {"iso_3166_1_a3": "BRA", "iso_3166_1_numeric": "076", "printable_name": "Brazil", "name": "Federative Republic of Brazil", "display_order": 0, "is_shipping_country": true}}, {"model": "address.country", "pk": "BS", "fields": {"iso_3166_1_a3": "BHS", "iso_3166_1_numeric": "044", "printable_name": "Bahamas", "name": "Commonwealth of the Bahamas", "display_order": 0, "is_shipping_country": true}}, {"model": "address.country", "pk": "BT", "fields": {"iso_3166_1_a3": "BTN", "iso_3166_1_numeric": "064", "printable_name": "Bhutan", "name": "Kingdom of Bhutan", "display_order": 0, "is_shipping_country": true}}, {"model": "address.country", "pk": "BV", "fields": {"iso_3166_1_a3": "BVT", "iso_3166_1_numeric": "074", "printable_name": "Bouvet Island", "name": "", "display_order": 0, "is_shipping_country": true}}, {"model": "address.country", "pk": "BW", "fields": {"iso_3166_1_a3": "BWA", "iso_3166_1_numeric": "072", "printable_name": "Botswana", "name": "Republic of Botswana", "display_order": 0, "is_shipping_country": true}}, {"model": "address.country", "pk": "BY", "fields": {"iso_3166_1_a3": "BLR", "iso_3166_1_numeric": "112", "printable_name": "Belarus", "name": "Republic of Belarus", "display_order": 0, "is_shipping_country": true}}, {"model": "address.country", "pk": "BZ", "fields": {"iso_3166_1_a3": "BLZ", "iso_3166_1_numeric": "084", "printable_name": "Belize", "name": "", "display_order": 0, "is_shipping_country": true}}, {"model": "address.country", "pk": "CA", "fields": {"iso_3166_1_a3": "CAN", "iso_3166_1_numeric": "124", "printable_name": "Canada", "name": "", "display_order": 0, "is_shipping_country": true}}, {"model": "address.country", "pk": "CC", "fields": {"iso_3166_1_a3": "CCK", "iso_3166_1_numeric": "166", "printable_name": "Cocos (Keeling) Islands", "name": "", "display_order": 0, "is_shipping_country": true}}, {"model": "address.country", "pk": "CD", "fields": {"iso_3166_1_a3": "COD", "iso_3166_1_numeric": "180", "printable_name": "Congo, The Democratic Republic of the", "name": "", "display_order": 0, "is_shipping_country": true}}, {"model": "address.country", "pk": "CF", "fields": {"iso_3166_1_a3": "CAF", "iso_3166_1_numeric": "140", "printable_name": "Central African Republic", "name": "", "display_order": 0, "is_shipping_country": true}}, {"model": "address.country", "pk": "CG", "fields": {"iso_3166_1_a3": "COG", "iso_3166_1_numeric": "178", "printable_name": "Congo", "name": "Republic of the Congo", "display_order": 0, "is_shipping_country": true}}, {"model": "address.country", "pk": "CH", "fields": {"iso_3166_1_a3": "CHE", "iso_3166_1_numeric": "756", "printable_name": "Switzerland", "name": "Swiss Confederation", "display_order": 0, "is_shipping_country": true}}, {"model": "address.country", "pk": "CI", "fields": {"iso_3166_1_a3": "CIV", "iso_3166_1_numeric": "384", "printable_name": "Cte d'Ivoire", "name": "Republic of Cte d'Ivoire", "display_order": 0, "is_shipping_country": true}}, {"model": "address.country", "pk": "CK", "fields": {"iso_3166_1_a3": "COK", "iso_3166_1_numeric": "184", "printable_name": "Cook Islands", "name": "", "display_order": 0, "is_shipping_country": true}}, {"model": "address.country", "pk": "CL", "fields": {"iso_3166_1_a3": "CHL", "iso_3166_1_numeric": "152", "printable_name": "Chile", "name": "Republic of Chile", "display_order": 0, "is_shipping_country": true}}, {"model": "address.country", "pk": "CM", "fields": {"iso_3166_1_a3": "CMR", "iso_3166_1_numeric": "120", "printable_name": "Cameroon", "name": "Republic of Cameroon", "display_order": 0, "is_shipping_country": true}}, {"model": "address.country", "pk": "CN", "fields": {"iso_3166_1_a3": "CHN", "iso_3166_1_numeric": "156", "printable_name": "China", "name": "People's Republic of China", "display_order": 0, "is_shipping_country": true}}, {"model": "address.country", "pk": "CO", "fields": {"iso_3166_1_a3": "COL", "iso_3166_1_numeric": "170", "printable_name": "Colombia", "name": "Republic of Colombia", "display_order": 0, "is_shipping_country": true}}, {"model": "address.country", "pk": "CR", "fields": {"iso_3166_1_a3": "CRI", "iso_3166_1_numeric": "188", "printable_name": "Costa Rica", "name": "Republic of Costa Rica", "display_order": 0, "is_shipping_country": true}}, {"model": "address.country", "pk": "CU", "fields": {"iso_3166_1_a3": "CUB", "iso_3166_1_numeric": "192", "printable_name": "Cuba", "name": "Republic of Cuba", "display_order": 0, "is_shipping_country": true}}, {"model": "address.country", "pk": "CV", "fields": {"iso_3166_1_a3": "CPV", "iso_3166_1_numeric": "132", "printable_name": "Cabo Verde", "name": "Republic of Cabo Verde", "display_order": 0, "is_shipping_country": true}}, {"model": "address.country", "pk": "CW", "fields": {"iso_3166_1_a3": "CUW", "iso_3166_1_numeric": "531", "printable_name": "Curaao", "name": "Curaao", "display_order": 0, "is_shipping_country": true}}, {"model": "address.country", "pk": "CX", "fields": {"iso_3166_1_a3": "CXR", "iso_3166_1_numeric": "162", "printable_name": "Christmas Island", "name": "", "display_order": 0, "is_shipping_country": true}}, {"model": "address.country", "pk": "CY", "fields": {"iso_3166_1_a3": "CYP", "iso_3166_1_numeric": "196", "printable_name": "Cyprus", "name": "Republic of Cyprus", "display_order": 0, "is_shipping_country": true}}, {"model": "address.country", "pk": "CZ", "fields": {"iso_3166_1_a3": "CZE", "iso_3166_1_numeric": "203", "printable_name": "Czechia", "name": "Czech Republic", "display_order": 0, "is_shipping_country": true}}, {"model": "address.country", "pk": "DE", "fields": {"iso_3166_1_a3": "DEU", "iso_3166_1_numeric": "276", "printable_name": "Germany", "name": "Federal Republic of Germany", "display_order": 0, "is_shipping_country": true}}, {"model": "address.country", "pk": "DJ", "fields": {"iso_3166_1_a3": "DJI", "iso_3166_1_numeric": "262", "printable_name": "Djibouti", "name": "Republic of Djibouti", "display_order": 0, "is_shipping_country": true}}, {"model": "address.country", "pk": "DK", "fields": {"iso_3166_1_a3": "DNK", "iso_3166_1_numeric": "208", "printable_name": "Denmark", "name": "Kingdom of Denmark", "display_order": 0, "is_shipping_country": true}}, {"model": "address.country", "pk": "DM", "fields": {"iso_3166_1_a3": "DMA", "iso_3166_1_numeric": "212", "printable_name": "Dominica", "name": "Commonwealth of Dominica", "display_order": 0, "is_shipping_country": true}}, {"model": "address.country", "pk": "DO", "fields": {"iso_3166_1_a3": "DOM", "iso_3166_1_numeric": "214", "printable_name": "Dominican Republic", "name": "", "display_order": 0, "is_shipping_country": true}}, {"model": "address.country", "pk": "DZ", "fields": {"iso_3166_1_a3": "DZA", "iso_3166_1_numeric": "012", "printable_name": "Algeria", "name": "People's Democratic Republic of Algeria", "display_order": 0, "is_shipping_country": true}}, {"model": "address.country", "pk": "EC", "fields": {"iso_3166_1_a3": "ECU", "iso_3166_1_numeric": "218", "printable_name": "Ecuador", "name": "Republic of Ecuador", "display_order": 0, "is_shipping_country": true}}, {"model": "address.country", "pk": "EE", "fields": {"iso_3166_1_a3": "EST", "iso_3166_1_numeric": "233", "printable_name": "Estonia", "name": "Republic of Estonia", "display_order": 0, "is_shipping_country": true}}, {"model": "address.country", "pk": "EG", "fields": {"iso_3166_1_a3": "EGY", "iso_3166_1_numeric": "818", "printable_name": "Egypt", "name": "Arab Republic of Egypt", "display_order": 0, "is_shipping_country": true}}, {"model": "address.country", "pk": "EH", "fields": {"iso_3166_1_a3": "ESH", "iso_3166_1_numeric": "732", "printable_name": "Western Sahara", "name": "", "display_order": 0, "is_shipping_country": true}}, {"model": "address.country", "pk": "ER", "fields": {"iso_3166_1_a3": "ERI", "iso_3166_1_numeric": "232", "printable_name": "Eritrea", "name": "the State of Eritrea", "display_order": 0, "is_shipping_country": true}}, {"model": "address.country", "pk": "ES", "fields": {"iso_3166_1_a3": "ESP", "iso_3166_1_numeric": "724", "printable_name": "Spain", "name": "Kingdom of Spain", "display_order": 0, "is_shipping_country": true}}, {"model": "address.country", "pk": "ET", "fields": {"iso_3166_1_a3": "ETH", "iso_3166_1_numeric": "231", "printable_name": "Ethiopia", "name": "Federal Democratic Republic of Ethiopia", "display_order": 0, "is_shipping_country": true}}, {"model": "address.country", "pk": "FI", "fields": {"iso_3166_1_a3": "FIN", "iso_3166_1_numeric": "246", "printable_name": "Finland", "name": "Republic of Finland", "display_order": 0, "is_shipping_country": true}}, {"model": "address.country", "pk": "FJ", "fields": {"iso_3166_1_a3": "FJI", "iso_3166_1_numeric": "242", "printable_name": "Fiji", "name": "Republic of Fiji", "display_order": 0, "is_shipping_country": true}}, {"model": "address.country", "pk": "FK", "fields": {"iso_3166_1_a3": "FLK", "iso_3166_1_numeric": "238", "printable_name": "Falkland Islands (Malvinas)", "name": "", "display_order": 0, "is_shipping_country": true}}, {"model": "address.country", "pk": "FM", "fields": {"iso_3166_1_a3": "FSM", "iso_3166_1_numeric": "583", "printable_name": "Micronesia, Federated States of", "name": "Federated States of Micronesia", "display_order": 0, "is_shipping_country": true}}, {"model": "address.country", "pk": "FO", "fields": {"iso_3166_1_a3": "FRO", "iso_3166_1_numeric": "234", "printable_name": "Faroe Islands", "name": "", "display_order": 0, "is_shipping_country": true}}, {"model": "address.country", "pk": "FR", "fields": {"iso_3166_1_a3": "FRA", "iso_3166_1_numeric": "250", "printable_name": "France", "name": "French Republic", "display_order": 0, "is_shipping_country": true}}, {"model": "address.country", "pk": "GA", "fields": {"iso_3166_1_a3": "GAB", "iso_3166_1_numeric": "266", "printable_name": "Gabon", "name": "Gabonese Republic", "display_order": 0, "is_shipping_country": true}}, {"model": "address.country", "pk": "GB", "fields": {"iso_3166_1_a3": "GBR", "iso_3166_1_numeric": "826", "printable_name": "United Kingdom", "name": "United Kingdom of Great Britain and Northern Ireland", "display_order": 0, "is_shipping_country": true}}, {"model": "address.country", "pk": "GD", "fields": {"iso_3166_1_a3": "GRD", "iso_3166_1_numeric": "308", "printable_name": "Grenada", "name": "", "display_order": 0, "is_shipping_country": true}}, {"model": "address.country", "pk": "GE", "fields": {"iso_3166_1_a3": "GEO", "iso_3166_1_numeric": "268", "printable_name": "Georgia", "name": "", "display_order": 0, "is_shipping_country": true}}, {"model": "address.country", "pk": "GF", "fields": {"iso_3166_1_a3": "GUF", "iso_3166_1_numeric": "254", "printable_name": "French Guiana", "name": "", "display_order": 0, "is_shipping_country": true}}, {"model": "address.country", "pk": "GG", "fields": {"iso_3166_1_a3": "GGY", "iso_3166_1_numeric": "831", "printable_name": "Guernsey", "name": "", "display_order": 0, "is_shipping_country": true}}, {"model": "address.country", "pk": "GH", "fields": {"iso_3166_1_a3": "GHA", "iso_3166_1_numeric": "288", "printable_name": "Ghana", "name": "Republic of Ghana", "display_order": 0, "is_shipping_country": true}}, {"model": "address.country", "pk": "GI", "fields": {"iso_3166_1_a3": "GIB", "iso_3166_1_numeric": "292", "printable_name": "Gibraltar", "name": "", "display_order": 0, "is_shipping_country": true}}, {"model": "address.country", "pk": "GL", "fields": {"iso_3166_1_a3": "GRL", "iso_3166_1_numeric": "304", "printable_name": "Greenland", "name": "", "display_order": 0, "is_shipping_country": true}}, {"model": "address.country", "pk": "GM", "fields": {"iso_3166_1_a3": "GMB", "iso_3166_1_numeric": "270", "printable_name": "Gambia", "name": "Republic of the Gambia", "display_order": 0, "is_shipping_country": true}}, {"model": "address.country", "pk": "GN", "fields": {"iso_3166_1_a3": "GIN", "iso_3166_1_numeric": "324", "printable_name": "Guinea", "name": "Republic of Guinea", "display_order": 0, "is_shipping_country": true}}, {"model": "address.country", "pk": "GP", "fields": {"iso_3166_1_a3": "GLP", "iso_3166_1_numeric": "312", "printable_name": "Guadeloupe", "name": "", "display_order": 0, "is_shipping_country": true}}, {"model": "address.country", "pk": "GQ", "fields": {"iso_3166_1_a3": "GNQ", "iso_3166_1_numeric": "226", "printable_name": "Equatorial Guinea", "name": "Republic of Equatorial Guinea", "display_order": 0, "is_shipping_country": true}}, {"model": "address.country", "pk": "GR", "fields": {"iso_3166_1_a3": "GRC", "iso_3166_1_numeric": "300", "printable_name": "Greece", "name": "Hellenic Republic", "display_order": 0, "is_shipping_country": true}}, {"model": "address.country", "pk": "GS", "fields": {"iso_3166_1_a3": "SGS", "iso_3166_1_numeric": "239", "printable_name": "South Georgia and the South Sandwich Islands", "name": "", "display_order": 0, "is_shipping_country": true}}, {"model": "address.country", "pk": "GT", "fields": {"iso_3166_1_a3": "GTM", "iso_3166_1_numeric": "320", "printable_name": "Guatemala", "name": "Republic of Guatemala", "display_order": 0, "is_shipping_country": true}}, {"model": "address.country", "pk": "GU", "fields": {"iso_3166_1_a3": "GUM", "iso_3166_1_numeric": "316", "printable_name": "Guam", "name": "", "display_order": 0, "is_shipping_country": true}}, {"model": "address.country", "pk": "GW", "fields": {"iso_3166_1_a3": "GNB", "iso_3166_1_numeric": "624", "printable_name": "Guinea-Bissau", "name": "Republic of Guinea-Bissau", "display_order": 0, "is_shipping_country": true}}, {"model": "address.country", "pk": "GY", "fields": {"iso_3166_1_a3": "GUY", "iso_3166_1_numeric": "328", "printable_name": "Guyana", "name": "Republic of Guyana", "display_order": 0, "is_shipping_country": true}}, {"model": "address.country", "pk": "HK", "fields": {"iso_3166_1_a3": "HKG", "iso_3166_1_numeric": "344", "printable_name": "Hong Kong", "name": "Hong Kong Special Administrative Region of China", "display_order": 0, "is_shipping_country": true}}, {"model": "address.country", "pk": "HM", "fields": {"iso_3166_1_a3": "HMD", "iso_3166_1_numeric": "334", "printable_name": "Heard Island and McDonald Islands", "name": "", "display_order": 0, "is_shipping_country": true}}, {"model": "address.country", "pk": "HN", "fields": {"iso_3166_1_a3": "HND", "iso_3166_1_numeric": "340", "printable_name": "Honduras", "name": "Republic of Honduras", "display_order": 0, "is_shipping_country": true}}, {"model": "address.country", "pk": "HR", "fields": {"iso_3166_1_a3": "HRV", "iso_3166_1_numeric": "191", "printable_name": "Croatia", "name": "Republic of Croatia", "display_order": 0, "is_shipping_country": true}}, {"model": "address.country", "pk": "HT", "fields": {"iso_3166_1_a3": "HTI", "iso_3166_1_numeric": "332", "printable_name": "Haiti", "name": "Republic of Haiti", "display_order": 0, "is_shipping_country": true}}, {"model": "address.country", "pk": "HU", "fields": {"iso_3166_1_a3": "HUN", "iso_3166_1_numeric": "348", "printable_name": "Hungary", "name": "Hungary", "display_order": 0, "is_shipping_country": true}}, {"model": "address.country", "pk": "ID", "fields": {"iso_3166_1_a3": "IDN", "iso_3166_1_numeric": "360", "printable_name": "Indonesia", "name": "Republic of Indonesia", "display_order": 0, "is_shipping_country": true}}, {"model": "address.country", "pk": "IE", "fields": {"iso_3166_1_a3": "IRL", "iso_3166_1_numeric": "372", "printable_name": "Ireland", "name": "", "display_order": 0, "is_shipping_country": true}}, {"model": "address.country", "pk": "IL", "fields": {"iso_3166_1_a3": "ISR", "iso_3166_1_numeric": "376", "printable_name": "Israel", "name": "State of Israel", "display_order": 0, "is_shipping_country": true}}, {"model": "address.country", "pk": "IM", "fields": {"iso_3166_1_a3": "IMN", "iso_3166_1_numeric": "833", "printable_name": "Isle of Man", "name": "", "display_order": 0, "is_shipping_country": true}}, {"model": "address.country", "pk": "IN", "fields": {"iso_3166_1_a3": "IND", "iso_3166_1_numeric": "356", "printable_name": "India", "name": "Republic of India", "display_order": 0, "is_shipping_country": true}}, {"model": "address.country", "pk": "IO", "fields": {"iso_3166_1_a3": "IOT", "iso_3166_1_numeric": "086", "printable_name": "British Indian Ocean Territory", "name": "", "display_order": 0, "is_shipping_country": true}}, {"model": "address.country", "pk": "IQ", "fields": {"iso_3166_1_a3": "IRQ", "iso_3166_1_numeric": "368", "printable_name": "Iraq", "name": "Republic of Iraq", "display_order": 0, "is_shipping_country": true}}, {"model": "address.country", "pk": "IR", "fields": {"iso_3166_1_a3": "IRN", "iso_3166_1_numeric": "364", "printable_name": "Iran, Islamic Republic of", "name": "Islamic Republic of Iran", "display_order": 0, "is_shipping_country": true}}, {"model": "address.country", "pk": "IS", "fields": {"iso_3166_1_a3": "ISL", "iso_3166_1_numeric": "352", "printable_name": "Iceland", "name": "Republic of Iceland", "display_order": 0, "is_shipping_country": true}}, {"model": "address.country", "pk": "IT", "fields": {"iso_3166_1_a3": "ITA", "iso_3166_1_numeric": "380", "printable_name": "Italy", "name": "Italian Republic", "display_order": 0, "is_shipping_country": true}}, {"model": "address.country", "pk": "JE", "fields": {"iso_3166_1_a3": "JEY", "iso_3166_1_numeric": "832", "printable_name": "Jersey", "name": "", "display_order": 0, "is_shipping_country": true}}, {"model": "address.country", "pk": "JM", "fields": {"iso_3166_1_a3": "JAM", "iso_3166_1_numeric": "388", "printable_name": "Jamaica", "name": "", "display_order": 0, "is_shipping_country": true}}, {"model": "address.country", "pk": "JO", "fields": {"iso_3166_1_a3": "JOR", "iso_3166_1_numeric": "400", "printable_name": "Jordan", "name": "Hashemite Kingdom of Jordan", "display_order": 0, "is_shipping_country": true}}, {"model": "address.country", "pk": "JP", "fields": {"iso_3166_1_a3": "JPN", "iso_3166_1_numeric": "392", "printable_name": "Japan", "name": "", "display_order": 0, "is_shipping_country": true}}, {"model": "address.country", "pk": "KE", "fields": {"iso_3166_1_a3": "KEN", "iso_3166_1_numeric": "404", "printable_name": "Kenya", "name": "Republic of Kenya", "display_order": 0, "is_shipping_country": true}}, {"model": "address.country", "pk": "KG", "fields": {"iso_3166_1_a3": "KGZ", "iso_3166_1_numeric": "417", "printable_name": "Kyrgyzstan", "name": "Kyrgyz Republic", "display_order": 0, "is_shipping_country": true}}, {"model": "address.country", "pk": "KH", "fields": {"iso_3166_1_a3": "KHM", "iso_3166_1_numeric": "116", "printable_name": "Cambodia", "name": "Kingdom of Cambodia", "display_order": 0, "is_shipping_country": true}}, {"model": "address.country", "pk": "KI", "fields": {"iso_3166_1_a3": "KIR", "iso_3166_1_numeric": "296", "printable_name": "Kiribati", "name": "Republic of Kiribati", "display_order": 0, "is_shipping_country": true}}, {"model": "address.country", "pk": "KM", "fields": {"iso_3166_1_a3": "COM", "iso_3166_1_numeric": "174", "printable_name": "Comoros", "name": "Union of the Comoros", "display_order": 0, "is_shipping_country": true}}, {"model": "address.country", "pk": "KN", "fields": {"iso_3166_1_a3": "KNA", "iso_3166_1_numeric": "659", "printable_name": "Saint Kitts and Nevis", "name": "", "display_order": 0, "is_shipping_country": true}}, {"model": "address.country", "pk": "KP", "fields": {"iso_3166_1_a3": "PRK", "iso_3166_1_numeric": "408", "printable_name": "Korea, Democratic People's Republic of", "name": "Democratic People's Republic of Korea", "display_order": 0, "is_shipping_country": true}}, {"model": "address.country", "pk": "KR", "fields": {"iso_3166_1_a3": "KOR", "iso_3166_1_numeric": "410", "printable_name": "Korea, Republic of", "name": "", "display_order": 0, "is_shipping_country": true}}, {"model": "address.country", "pk": "KW", "fields": {"iso_3166_1_a3": "KWT", "iso_3166_1_numeric": "414", "printable_name": "Kuwait", "name": "State of Kuwait", "display_order": 0, "is_shipping_country": true}}, {"model": "address.country", "pk": "KY", "fields": {"iso_3166_1_a3": "CYM", "iso_3166_1_numeric": "136", "printable_name": "Cayman Islands", "name": "", "display_order": 0, "is_shipping_country": true}}, {"model": "address.country", "pk": "KZ", "fields": {"iso_3166_1_a3": "KAZ", "iso_3166_1_numeric": "398", "printable_name": "Kazakhstan", "name": "Republic of Kazakhstan", "display_order": 0, "is_shipping_country": true}}, {"model": "address.country", "pk": "LA", "fields": {"iso_3166_1_a3": "LAO", "iso_3166_1_numeric": "418", "printable_name": "Lao People's Democratic Republic", "name": "", "display_order": 0, "is_shipping_country": true}}, {"model": "address.country", "pk": "LB", "fields": {"iso_3166_1_a3": "LBN", "iso_3166_1_numeric": "422", "printable_name": "Lebanon", "name": "Lebanese Republic", "display_order": 0, "is_shipping_country": true}}, {"model": "address.country", "pk": "LC", "fields": {"iso_3166_1_a3": "LCA", "iso_3166_1_numeric": "662", "printable_name": "Saint Lucia", "name": "", "display_order": 0, "is_shipping_country": true}}, {"model": "address.country", "pk": "LI", "fields": {"iso_3166_1_a3": "LIE", "iso_3166_1_numeric": "438", "printable_name": "Liechtenstein", "name": "Principality of Liechtenstein", "display_order": 0, "is_shipping_country": true}}, {"model": "address.country", "pk": "LK", "fields": {"iso_3166_1_a3": "LKA", "iso_3166_1_numeric": "144", "printable_name": "Sri Lanka", "name": "Democratic Socialist Republic of Sri Lanka", "display_order": 0, "is_shipping_country": true}}, {"model": "address.country", "pk": "LR", "fields": {"iso_3166_1_a3": "LBR", "iso_3166_1_numeric": "430", "printable_name": "Liberia", "name": "Republic of Liberia", "display_order": 0, "is_shipping_country": true}}, {"model": "address.country", "pk": "LS", "fields": {"iso_3166_1_a3": "LSO", "iso_3166_1_numeric": "426", "printable_name": "Lesotho", "name": "Kingdom of Lesotho", "display_order": 0, "is_shipping_country": true}}, {"model": "address.country", "pk": "LT", "fields": {"iso_3166_1_a3": "LTU", "iso_3166_1_numeric": "440", "printable_name": "Lithuania", "name": "Republic of Lithuania", "display_order": 0, "is_shipping_country": true}}, {"model": "address.country", "pk": "LU", "fields": {"iso_3166_1_a3": "LUX", "iso_3166_1_numeric": "442", "printable_name": "Luxembourg", "name": "Grand Duchy of Luxembourg", "display_order": 0, "is_shipping_country": true}}, {"model": "address.country", "pk": "LV", "fields": {"iso_3166_1_a3": "LVA", "iso_3166_1_numeric": "428", "printable_name": "Latvia", "name": "Republic of Latvia", "display_order": 0, "is_shipping_country": true}}, {"model": "address.country", "pk": "LY", "fields": {"iso_3166_1_a3": "LBY", "iso_3166_1_numeric": "434", "printable_name": "Libya", "name": "Libya", "display_order": 0, "is_shipping_country": true}}, {"model": "address.country", "pk": "MA", "fields": {"iso_3166_1_a3": "MAR", "iso_3166_1_numeric": "504", "printable_name": "Morocco", "name": "Kingdom of Morocco", "display_order": 0, "is_shipping_country": true}}, {"model": "address.country", "pk": "MC", "fields": {"iso_3166_1_a3": "MCO", "iso_3166_1_numeric": "492", "printable_name": "Monaco", "name": "Principality of Monaco", "display_order": 0, "is_shipping_country": true}}, {"model": "address.country", "pk": "MD", "fields": {"iso_3166_1_a3": "MDA", "iso_3166_1_numeric": "498", "printable_name": "Moldova, Republic of", "name": "Republic of Moldova", "display_order": 0, "is_shipping_country": true}}, {"model": "address.country", "pk": "ME", "fields": {"iso_3166_1_a3": "MNE", "iso_3166_1_numeric": "499", "printable_name": "Montenegro", "name": "Montenegro", "display_order": 0, "is_shipping_country": true}}, {"model": "address.country", "pk": "MF", "fields": {"iso_3166_1_a3": "MAF", "iso_3166_1_numeric": "663", "printable_name": "Saint Martin (French part)", "name": "", "display_order": 0, "is_shipping_country": true}}, {"model": "address.country", "pk": "MG", "fields": {"iso_3166_1_a3": "MDG", "iso_3166_1_numeric": "450", "printable_name": "Madagascar", "name": "Republic of Madagascar", "display_order": 0, "is_shipping_country": true}}, {"model": "address.country", "pk": "MH", "fields": {"iso_3166_1_a3": "MHL", "iso_3166_1_numeric": "584", "printable_name": "Marshall Islands", "name": "Republic of the Marshall Islands", "display_order": 0, "is_shipping_country": true}}, {"model": "address.country", "pk": "MK", "fields": {"iso_3166_1_a3": "MKD", "iso_3166_1_numeric": "807", "printable_name": "North Macedonia", "name": "Republic of North Macedonia", "display_order": 0, "is_shipping_country": true}}, {"model": "address.country", "pk": "ML", "fields": {"iso_3166_1_a3": "MLI", "iso_3166_1_numeric": "466", "printable_name": "Mali", "name": "Republic of Mali", "display_order": 0, "is_shipping_country": true}}, {"model": "address.country", "pk": "MM", "fields": {"iso_3166_1_a3": "MMR", "iso_3166_1_numeric": "104", "printable_name": "Myanmar", "name": "Republic of Myanmar", "display_order": 0, "is_shipping_country": true}}, {"model": "address.country", "pk": "MN", "fields": {"iso_3166_1_a3": "MNG", "iso_3166_1_numeric": "496", "printable_name": "Mongolia", "name": "", "display_order": 0, "is_shipping_country": true}}, {"model": "address.country", "pk": "MO", "fields": {"iso_3166_1_a3": "MAC", "iso_3166_1_numeric": "446", "printable_name": "Macao", "name": "Macao Special Administrative Region of China", "display_order": 0, "is_shipping_country": true}}, {"model": "address.country", "pk": "MP", "fields": {"iso_3166_1_a3": "MNP", "iso_3166_1_numeric": "580", "printable_name": "Northern Mariana Islands", "name": "Commonwealth of the Northern Mariana Islands", "display_order": 0, "is_shipping_country": true}}, {"model": "address.country", "pk": "MQ", "fields": {"iso_3166_1_a3": "MTQ", "iso_3166_1_numeric": "474", "printable_name": "Martinique", "name": "", "display_order": 0, "is_shipping_country": true}}, {"model": "address.country", "pk": "MR", "fields": {"iso_3166_1_a3": "MRT", "iso_3166_1_numeric": "478", "printable_name": "Mauritania", "name": "Islamic Republic of Mauritania", "display_order": 0, "is_shipping_country": true}}, {"model": "address.country", "pk": "MS", "fields": {"iso_3166_1_a3": "MSR", "iso_3166_1_numeric": "500", "printable_name": "Montserrat", "name": "", "display_order": 0, "is_shipping_country": true}}, {"model": "address.country", "pk": "MT", "fields": {"iso_3166_1_a3": "MLT", "iso_3166_1_numeric": "470", "printable_name": "Malta", "name": "Republic of Malta", "display_order": 0, "is_shipping_country": true}}, {"model": "address.country", "pk": "MU", "fields": {"iso_3166_1_a3": "MUS", "iso_3166_1_numeric": "480", "printable_name": "Mauritius", "name": "Republic of Mauritius", "display_order": 0, "is_shipping_country": true}}, {"model": "address.country", "pk": "MV", "fields": {"iso_3166_1_a3": "MDV", "iso_3166_1_numeric": "462", "printable_name": "Maldives", "name": "Republic of Maldives", "display_order": 0, "is_shipping_country": true}}, {"model": "address.country", "pk": "MW", "fields": {"iso_3166_1_a3": "MWI", "iso_3166_1_numeric": "454", "printable_name": "Malawi", "name": "Republic of Malawi", "display_order": 0, "is_shipping_country": true}}, {"model": "address.country", "pk": "MX", "fields": {"iso_3166_1_a3": "MEX", "iso_3166_1_numeric": "484", "printable_name": "Mexico", "name": "United Mexican States", "display_order": 0, "is_shipping_country": true}}, {"model": "address.country", "pk": "MY", "fields": {"iso_3166_1_a3": "MYS", "iso_3166_1_numeric": "458", "printable_name": "Malaysia", "name": "", "display_order": 0, "is_shipping_country": true}}, {"model": "address.country", "pk": "MZ", "fields": {"iso_3166_1_a3": "MOZ", "iso_3166_1_numeric": "508", "printable_name": "Mozambique", "name": "Republic of Mozambique", "display_order": 0, "is_shipping_country": true}}, {"model": "address.country", "pk": "NA", "fields": {"iso_3166_1_a3": "NAM", "iso_3166_1_numeric": "516", "printable_name": "Namibia", "name": "Republic of Namibia", "display_order": 0, "is_shipping_country": true}}, {"model": "address.country", "pk": "NC", "fields": {"iso_3166_1_a3": "NCL", "iso_3166_1_numeric": "540", "printable_name": "New Caledonia", "name": "", "display_order": 0, "is_shipping_country": true}}, {"model": "address.country", "pk": "NE", "fields": {"iso_3166_1_a3": "NER", "iso_3166_1_numeric": "562", "printable_name": "Niger", "name": "Republic of the Niger", "display_order": 0, "is_shipping_country": true}}, {"model": "address.country", "pk": "NF", "fields": {"iso_3166_1_a3": "NFK", "iso_3166_1_numeric": "574", "printable_name": "Norfolk Island", "name": "", "display_order": 0, "is_shipping_country": true}}, {"model": "address.country", "pk": "NG", "fields": {"iso_3166_1_a3": "NGA", "iso_3166_1_numeric": "566", "printable_name": "Nigeria", "name": "Federal Republic of Nigeria", "display_order": 0, "is_shipping_country": true}}, {"model": "address.country", "pk": "NI", "fields": {"iso_3166_1_a3": "NIC", "iso_3166_1_numeric": "558", "printable_name": "Nicaragua", "name": "Republic of Nicaragua", "display_order": 0, "is_shipping_country": true}}, {"model": "address.country", "pk": "NL", "fields": {"iso_3166_1_a3": "NLD", "iso_3166_1_numeric": "528", "printable_name": "Netherlands", "name": "Kingdom of the Netherlands", "display_order": 0, "is_shipping_country": true}}, {"model": "address.country", "pk": "NO", "fields": {"iso_3166_1_a3": "NOR", "iso_3166_1_numeric": "578", "printable_name": "Norway", "name": "Kingdom of Norway", "display_order": 0, "is_shipping_country": true}}, {"model": "address.country", "pk": "NP", "fields": {"iso_3166_1_a3": "NPL", "iso_3166_1_numeric": "524", "printable_name": "Nepal", "name": "Federal Democratic Republic of Nepal", "display_order": 0, "is_shipping_country": true}}, {"model": "address.country", "pk": "NR", "fields": {"iso_3166_1_a3": "NRU", "iso_3166_1_numeric": "520", "printable_name": "Nauru", "name": "Republic of Nauru", "display_order": 0, "is_shipping_country": true}}, {"model": "address.country", "pk": "NU", "fields": {"iso_3166_1_a3": "NIU", "iso_3166_1_numeric": "570", "printable_name": "Niue", "name": "Niue", "display_order": 0, "is_shipping_country": true}}, {"model": "address.country", "pk": "NZ", "fields": {"iso_3166_1_a3": "NZL", "iso_3166_1_numeric": "554", "printable_name": "New Zealand", "name": "", "display_order": 0, "is_shipping_country": true}}, {"model": "address.country", "pk": "OM", "fields": {"iso_3166_1_a3": "OMN", "iso_3166_1_numeric": "512", "printable_name": "Oman", "name": "Sultanate of Oman", "display_order": 0, "is_shipping_country": true}}, {"model": "address.country", "pk": "PA", "fields": {"iso_3166_1_a3": "PAN", "iso_3166_1_numeric": "591", "printable_name": "Panama", "name": "Republic of Panama", "display_order": 0, "is_shipping_country": true}}, {"model": "address.country", "pk": "PE", "fields": {"iso_3166_1_a3": "PER", "iso_3166_1_numeric": "604", "printable_name": "Peru", "name": "Republic of Peru", "display_order": 0, "is_shipping_country": true}}, {"model": "address.country", "pk": "PF", "fields": {"iso_3166_1_a3": "PYF", "iso_3166_1_numeric": "258", "printable_name": "French Polynesia", "name": "", "display_order": 0, "is_shipping_country": true}}, {"model": "address.country", "pk": "PG", "fields": {"iso_3166_1_a3": "PNG", "iso_3166_1_numeric": "598", "printable_name": "Papua New Guinea", "name": "Independent State of Papua New Guinea", "display_order": 0, "is_shipping_country": true}}, {"model": "address.country", "pk": "PH", "fields": {"iso_3166_1_a3": "PHL", "iso_3166_1_numeric": "608", "printable_name": "Philippines", "name": "Republic of the Philippines", "display_order": 0, "is_shipping_country": true}}, {"model": "address.country", "pk": "PK", "fields": {"iso_3166_1_a3": "PAK", "iso_3166_1_numeric": "586", "printable_name": "Pakistan", "name": "Islamic Republic of Pakistan", "display_order": 0, "is_shipping_country": true}}, {"model": "address.country", "pk": "PL", "fields": {"iso_3166_1_a3": "POL", "iso_3166_1_numeric": "616", "printable_name": "Poland", "name": "Republic of Poland", "display_order": 0, "is_shipping_country": true}}, {"model": "address.country", "pk": "PM", "fields": {"iso_3166_1_a3": "SPM", "iso_3166_1_numeric": "666", "printable_name": "Saint Pierre and Miquelon", "name": "", "display_order": 0, "is_shipping_country": true}}, {"model": "address.country", "pk": "PN", "fields": {"iso_3166_1_a3": "PCN", "iso_3166_1_numeric": "612", "printable_name": "Pitcairn", "name": "", "display_order": 0, "is_shipping_country": true}}, {"model": "address.country", "pk": "PR", "fields": {"iso_3166_1_a3": "PRI", "iso_3166_1_numeric": "630", "printable_name": "Puerto Rico", "name": "", "display_order": 0, "is_shipping_country": true}}, {"model": "address.country", "pk": "PS", "fields": {"iso_3166_1_a3": "PSE", "iso_3166_1_numeric": "275", "printable_name": "Palestine, State of", "name": "the State of Palestine", "display_order": 0, "is_shipping_country": true}}, {"model": "address.country", "pk": "PT", "fields": {"iso_3166_1_a3": "PRT", "iso_3166_1_numeric": "620", "printable_name": "Portugal", "name": "Portuguese Republic", "display_order": 0, "is_shipping_country": true}}, {"model": "address.country", "pk": "PW", "fields": {"iso_3166_1_a3": "PLW", "iso_3166_1_numeric": "585", "printable_name": "Palau", "name": "Republic of Palau", "display_order": 0, "is_shipping_country": true}}, {"model": "address.country", "pk": "PY", "fields": {"iso_3166_1_a3": "PRY", "iso_3166_1_numeric": "600", "printable_name": "Paraguay", "name": "Republic of Paraguay", "display_order": 0, "is_shipping_country": true}}, {"model": "address.country", "pk": "QA", "fields": {"iso_3166_1_a3": "QAT", "iso_3166_1_numeric": "634", "printable_name": "Qatar", "name": "State of Qatar", "display_order": 0, "is_shipping_country": true}}, {"model": "address.country", "pk": "RE", "fields": {"iso_3166_1_a3": "REU", "iso_3166_1_numeric": "638", "printable_name": "Runion", "name": "", "display_order": 0, "is_shipping_country": true}}, {"model": "address.country", "pk": "RO", "fields": {"iso_3166_1_a3": "ROU", "iso_3166_1_numeric": "642", "printable_name": "Romania", "name": "", "display_order": 0, "is_shipping_country": true}}, {"model": "address.country", "pk": "RS", "fields": {"iso_3166_1_a3": "SRB", "iso_3166_1_numeric": "688", "printable_name": "Serbia", "name": "Republic of Serbia", "display_order": 0, "is_shipping_country": true}}, {"model": "address.country", "pk": "RU", "fields": {"iso_3166_1_a3": "RUS", "iso_3166_1_numeric": "643", "printable_name": "Russian Federation", "name": "", "display_order": 0, "is_shipping_country": true}}, {"model": "address.country", "pk": "RW", "fields": {"iso_3166_1_a3": "RWA", "iso_3166_1_numeric": "646", "printable_name": "Rwanda", "name": "Rwandese Republic", "display_order": 0, "is_shipping_country": true}}, {"model": "address.country", "pk": "SA", "fields": {"iso_3166_1_a3": "SAU", "iso_3166_1_numeric": "682", "printable_name": "Saudi Arabia", "name": "Kingdom of Saudi Arabia", "display_order": 0, "is_shipping_country": true}}, {"model": "address.country", "pk": "SB", "fields": {"iso_3166_1_a3": "SLB", "iso_3166_1_numeric": "090", "printable_name": "Solomon Islands", "name": "", "display_order": 0, "is_shipping_country": true}}, {"model": "address.country", "pk": "SC", "fields": {"iso_3166_1_a3": "SYC", "iso_3166_1_numeric": "690", "printable_name": "Seychelles", "name": "Republic of Seychelles", "display_order": 0, "is_shipping_country": true}}, {"model": "address.country", "pk": "SD", "fields": {"iso_3166_1_a3": "SDN", "iso_3166_1_numeric": "729", "printable_name": "Sudan", "name": "Republic of the Sudan", "display_order": 0, "is_shipping_country": true}}, {"model": "address.country", "pk": "SE", "fields": {"iso_3166_1_a3": "SWE", "iso_3166_1_numeric": "752", "printable_name": "Sweden", "name": "Kingdom of Sweden", "display_order": 0, "is_shipping_country": true}}, {"model": "address.country", "pk": "SG", "fields": {"iso_3166_1_a3": "SGP", "iso_3166_1_numeric": "702", "printable_name": "Singapore", "name": "Republic of Singapore", "display_order": 0, "is_shipping_country": true}}, {"model": "address.country", "pk": "SH", "fields": {"iso_3166_1_a3": "SHN", "iso_3166_1_numeric": "654", "printable_name": "Saint Helena, Ascension and Tristan da Cunha", "name": "", "display_order": 0, "is_shipping_country": true}}, {"model": "address.country", "pk": "SI", "fields": {"iso_3166_1_a3": "SVN", "iso_3166_1_numeric": "705", "printable_name": "Slovenia", "name": "Republic of Slovenia", "display_order": 0, "is_shipping_country": true}}, {"model": "address.country", "pk": "SJ", "fields": {"iso_3166_1_a3": "SJM", "iso_3166_1_numeric": "744", "printable_name": "Svalbard and Jan Mayen", "name": "", "display_order": 0, "is_shipping_country": true}}, {"model": "address.country", "pk": "SK", "fields": {"iso_3166_1_a3": "SVK", "iso_3166_1_numeric": "703", "printable_name": "Slovakia", "name": "Slovak Republic", "display_order": 0, "is_shipping_country": true}}, {"model": "address.country", "pk": "SL", "fields": {"iso_3166_1_a3": "SLE", "iso_3166_1_numeric": "694", "printable_name": "Sierra Leone", "name": "Republic of Sierra Leone", "display_order": 0, "is_shipping_country": true}}, {"model": "address.country", "pk": "SM", "fields": {"iso_3166_1_a3": "SMR", "iso_3166_1_numeric": "674", "printable_name": "San Marino", "name": "Republic of San Marino", "display_order": 0, "is_shipping_country": true}}, {"model": "address.country", "pk": "SN", "fields": {"iso_3166_1_a3": "SEN", "iso_3166_1_numeric": "686", "printable_name": "Senegal", "name": "Republic of Senegal", "display_order": 0, "is_shipping_country": true}}, {"model": "address.country", "pk": "SO", "fields": {"iso_3166_1_a3": "SOM", "iso_3166_1_numeric": "706", "printable_name": "Somalia", "name": "Federal Republic of Somalia", "display_order": 0, "is_shipping_country": true}}, {"model": "address.country", "pk": "SR", "fields": {"iso_3166_1_a3": "SUR", "iso_3166_1_numeric": "740", "printable_name": "Suriname", "name": "Republic of Suriname", "display_order": 0, "is_shipping_country": true}}, {"model": "address.country", "pk": "SS", "fields": {"iso_3166_1_a3": "SSD", "iso_3166_1_numeric": "728", "printable_name": "South Sudan", "name": "Republic of South Sudan", "display_order": 0, "is_shipping_country": true}}, {"model": "address.country", "pk": "ST", "fields": {"iso_3166_1_a3": "STP", "iso_3166_1_numeric": "678", "printable_name": "Sao Tome and Principe", "name": "Democratic Republic of Sao Tome and Principe", "display_order": 0, "is_shipping_country": true}}, {"model": "address.country", "pk": "SV", "fields": {"iso_3166_1_a3": "SLV", "iso_3166_1_numeric": "222", "printable_name": "El Salvador", "name": "Republic of El Salvador", "display_order": 0, "is_shipping_country": true}}, {"model": "address.country", "pk": "SX", "fields": {"iso_3166_1_a3": "SXM", "iso_3166_1_numeric": "534", "printable_name": "Sint Maarten (Dutch part)", "name": "Sint Maarten (Dutch part)", "display_order": 0, "is_shipping_country": true}}, {"model": "address.country", "pk": "SY", "fields": {"iso_3166_1_a3": "SYR", "iso_3166_1_numeric": "760", "printable_name": "Syrian Arab Republic", "name": "", "display_order": 0, "is_shipping_country": true}}, {"model": "address.country", "pk": "SZ", "fields": {"iso_3166_1_a3": "SWZ", "iso_3166_1_numeric": "748", "printable_name": "Eswatini", "name": "Kingdom of Eswatini", "display_order": 0, "is_shipping_country": true}}, {"model": "address.country", "pk": "TC", "fields": {"iso_3166_1_a3": "TCA", "iso_3166_1_numeric": "796", "printable_name": "Turks and Caicos Islands", "name": "", "display_order": 0, "is_shipping_country": true}}, {"model": "address.country", "pk": "TD", "fields": {"iso_3166_1_a3": "TCD", "iso_3166_1_numeric": "148", "printable_name": "Chad", "name": "Republic of Chad", "display_order": 0, "is_shipping_country": true}}, {"model": "address.country", "pk": "TF", "fields": {"iso_3166_1_a3": "ATF", "iso_3166_1_numeric": "260", "printable_name": "French Southern Territories", "name": "", "display_order": 0, "is_shipping_country": true}}, {"model": "address.country", "pk": "TG", "fields": {"iso_3166_1_a3": "TGO", "iso_3166_1_numeric": "768", "printable_name": "Togo", "name": "Togolese Republic", "display_order": 0, "is_shipping_country": true}}, {"model": "address.country", "pk": "TH", "fields": {"iso_3166_1_a3": "THA", "iso_3166_1_numeric": "764", "printable_name": "Thailand", "name": "Kingdom of Thailand", "display_order": 0, "is_shipping_country": true}}, {"model": "address.country", "pk": "TJ", "fields": {"iso_3166_1_a3": "TJK", "iso_3166_1_numeric": "762", "printable_name": "Tajikistan", "name": "Republic of Tajikistan", "display_order": 0, "is_shipping_country": true}}, {"model": "address.country", "pk": "TK", "fields": {"iso_3166_1_a3": "TKL", "iso_3166_1_numeric": "772", "printable_name": "Tokelau", "name": "", "display_order": 0, "is_shipping_country": true}}, {"model": "address.country", "pk": "TL", "fields": {"iso_3166_1_a3": "TLS", "iso_3166_1_numeric": "626", "printable_name": "Timor-Leste", "name": "Democratic Republic of Timor-Leste", "display_order": 0, "is_shipping_country": true}}, {"model": "address.country", "pk": "TM", "fields": {"iso_3166_1_a3": "TKM", "iso_3166_1_numeric": "795", "printable_name": "Turkmenistan", "name": "", "display_order": 0, "is_shipping_country": true}}, {"model": "address.country", "pk": "TN", "fields": {"iso_3166_1_a3": "TUN", "iso_3166_1_numeric": "788", "printable_name": "Tunisia", "name": "Republic of Tunisia", "display_order": 0, "is_shipping_country": true}}, {"model": "address.country", "pk": "TO", "fields": {"iso_3166_1_a3": "TON", "iso_3166_1_numeric": "776", "printable_name": "Tonga", "name": "Kingdom of Tonga", "display_order": 0, "is_shipping_country": true}}, {"model": "address.country", "pk": "TR", "fields": {"iso_3166_1_a3": "TUR", "iso_3166_1_numeric": "792", "printable_name": "Turkey", "name": "Republic of Turkey", "display_order": 0, "is_shipping_country": true}}, {"model": "address.country", "pk": "TT", "fields": {"iso_3166_1_a3": "TTO", "iso_3166_1_numeric": "780", "printable_name": "Trinidad and Tobago", "name": "Republic of Trinidad and Tobago", "display_order": 0, "is_shipping_country": true}}, {"model": "address.country", "pk": "TV", "fields": {"iso_3166_1_a3": "TUV", "iso_3166_1_numeric": "798", "printable_name": "Tuvalu", "name": "", "display_order": 0, "is_shipping_country": true}}, {"model": "address.country", "pk": "TW", "fields": {"iso_3166_1_a3": "TWN", "iso_3166_1_numeric": "158", "printable_name": "Taiwan, Province of China", "name": "Taiwan, Province of China", "display_order": 0, "is_shipping_country": true}}, {"model": "address.country", "pk": "TZ", "fields": {"iso_3166_1_a3": "TZA", "iso_3166_1_numeric": "834", "printable_name": "Tanzania, United Republic of", "name": "United Republic of Tanzania", "display_order": 0, "is_shipping_country": true}}, {"model": "address.country", "pk": "UA", "fields": {"iso_3166_1_a3": "UKR", "iso_3166_1_numeric": "804", "printable_name": "Ukraine", "name": "", "display_order": 0, "is_shipping_country": true}}, {"model": "address.country", "pk": "UG", "fields": {"iso_3166_1_a3": "UGA", "iso_3166_1_numeric": "800", "printable_name": "Uganda", "name": "Republic of Uganda", "display_order": 0, "is_shipping_country": true}}, {"model": "address.country", "pk": "UM", "fields": {"iso_3166_1_a3": "UMI", "iso_3166_1_numeric": "581", "printable_name": "United States Minor Outlying Islands", "name": "", "display_order": 0, "is_shipping_country": true}}, {"model": "address.country", "pk": "US", "fields": {"iso_3166_1_a3": "USA", "iso_3166_1_numeric": "840", "printable_name": "United States", "name": "United States of America", "display_order": 99, "is_shipping_country": true}}, {"model": "address.country", "pk": "UY", "fields": {"iso_3166_1_a3": "URY", "iso_3166_1_numeric": "858", "printable_name": "Uruguay", "name": "Eastern Republic of Uruguay", "display_order": 0, "is_shipping_country": true}}, {"model": "address.country", "pk": "UZ", "fields": {"iso_3166_1_a3": "UZB", "iso_3166_1_numeric": "860", "printable_name": "Uzbekistan", "name": "Republic of Uzbekistan", "display_order": 0, "is_shipping_country": true}}, {"model": "address.country", "pk": "VA", "fields": {"iso_3166_1_a3": "VAT", "iso_3166_1_numeric": "336", "printable_name": "Holy See (Vatican City State)", "name": "", "display_order": 0, "is_shipping_country": true}}, {"model": "address.country", "pk": "VC", "fields": {"iso_3166_1_a3": "VCT", "iso_3166_1_numeric": "670", "printable_name": "Saint Vincent and the Grenadines", "name": "", "display_order": 0, "is_shipping_country": true}}, {"model": "address.country", "pk": "VE", "fields": {"iso_3166_1_a3": "VEN", "iso_3166_1_numeric": "862", "printable_name": "Venezuela, Bolivarian Republic of", "name": "Bolivarian Republic of Venezuela", "display_order": 0, "is_shipping_country": true}}, {"model": "address.country", "pk": "VG", "fields": {"iso_3166_1_a3": "VGB", "iso_3166_1_numeric": "092", "printable_name": "Virgin Islands, British", "name": "British Virgin Islands", "display_order": 0, "is_shipping_country": true}}, {"model": "address.country", "pk": "VI", "fields": {"iso_3166_1_a3": "VIR", "iso_3166_1_numeric": "850", "printable_name": "Virgin Islands, U.S.", "name": "Virgin Islands of the United States", "display_order": 0, "is_shipping_country": true}}, {"model": "address.country", "pk": "VN", "fields": {"iso_3166_1_a3": "VNM", "iso_3166_1_numeric": "704", "printable_name": "Viet Nam", "name": "Socialist Republic of Viet Nam", "display_order": 0, "is_shipping_country": true}}, {"model": "address.country", "pk": "VU", "fields": {"iso_3166_1_a3": "VUT", "iso_3166_1_numeric": "548", "printable_name": "Vanuatu", "name": "Republic of Vanuatu", "display_order": 0, "is_shipping_country": true}}, {"model": "address.country", "pk": "WF", "fields": {"iso_3166_1_a3": "WLF", "iso_3166_1_numeric": "876", "printable_name": "Wallis and Futuna", "name": "", "display_order": 0, "is_shipping_country": true}}, {"model": "address.country", "pk": "WS", "fields": {"iso_3166_1_a3": "WSM", "iso_3166_1_numeric": "882", "printable_name": "Samoa", "name": "Independent State of Samoa", "display_order": 0, "is_shipping_country": true}}, {"model": "address.country", "pk": "YE", "fields": {"iso_3166_1_a3": "YEM", "iso_3166_1_numeric": "887", "printable_name": "Yemen", "name": "Republic of Yemen", "display_order": 0, "is_shipping_country": true}}, {"model": "address.country", "pk": "YT", "fields": {"iso_3166_1_a3": "MYT", "iso_3166_1_numeric": "175", "printable_name": "Mayotte", "name": "", "display_order": 0, "is_shipping_country": true}}, {"model": "address.country", "pk": "ZA", "fields": {"iso_3166_1_a3": "ZAF", "iso_3166_1_numeric": "710", "printable_name": "South Africa", "name": "Republic of South Africa", "display_order": 0, "is_shipping_country": true}}, {"model": "address.country", "pk": "ZM", "fields": {"iso_3166_1_a3": "ZMB", "iso_3166_1_numeric": "894", "printable_name": "Zambia", "name": "Republic of Zambia", "display_order": 0, "is_shipping_country": true}}, {"model": "address.country", "pk": "ZW", "fields": {"iso_3166_1_a3": "ZWE", "iso_3166_1_numeric": "716", "printable_name": "Zimbabwe", "name": "Republic of Zimbabwe", "display_order": 0, "is_shipping_country": true}}, {"model": "catalogue.productimage", "pk": 1, "fields": {"product": 1, "caption": "Lime Fine Alt Dehydrated Fruit Garnish.Jpg", "display_order": 0, "date_created": "2022-02-19T16:01:29.491Z", "original": "images/products/lime_fine_cuts/lime_jar.jpg"}}, {"model": "catalogue.productimage", "pk": 2, "fields": {"product": 1, "caption": "Lime Jar Dehydrated Fruit Garnish.Jpg", "display_order": 1, "date_created": "2022-02-19T16:01:29.500Z", "original": "images/products/lime_fine_cuts/lime_fine_3pc.jpg"}}, {"model": "catalogue.productimage", "pk": 3, "fields": {"product": 1, "caption": "Lime Fine 3Pc Dehydrated Fruit Garnish.Jpg", "display_order": 2, "date_created": "2022-02-19T16:01:29.502Z", "original": "images/products/lime_fine_cuts/lime_fine_alt.jpg"}}, {"model": "catalogue.productimage", "pk": 4, "fields": {"product": 6, "caption": "Lemon Fine Alt Dehydrated Fruit Garnish.Jpg", "display_order": 0, "date_created": "2022-02-19T16:01:29.505Z", "original": "images/products/lemon_fine_cuts/lemon_jar.jpg"}}, {"model": "catalogue.productimage", "pk": 5, "fields": {"product": 6, "caption": "Lemon Jar Dehydrated Fruit Garnish.Jpg", "display_order": 1, "date_created": "2022-02-19T16:01:29.509Z", "original": "images/products/lemon_fine_cuts/lemon_fine_3pc.jpg"}}, {"model": "catalogue.productimage", "pk": 6, "fields": {"product": 6, "caption": "Lemon Fine 3Pc Dehydrated Fruit Garnish.Jpg", "display_order": 2, "date_created": "2022-02-19T16:01:29.511Z", "original": "images/products/lemon_fine_cuts/lemon_fine_alt.jpg"}}, {"model": "catalogue.productimage", "pk": 7, "fields": {"product": 11, "caption": "Orange Fine Alt Dehydrated Fruit Garnish.Jpg", "display_order": 0, "date_created": "2022-02-19T16:01:29.514Z", "original": "images/products/orange_fine_cuts/orange_jar.jpg"}}, {"model": "catalogue.productimage", "pk": 8, "fields": {"product": 11, "caption": "Orange Jar Dehydrated Fruit Garnish.Jpg", "display_order": 1, "date_created": "2022-02-19T16:01:29.519Z", "original": "images/products/orange_fine_cuts/orange_fine_3pc.jpg"}}, {"model": "catalogue.productimage", "pk": 9, "fields": {"product": 11, "caption": "Orange Fine 3Pc Dehydrated Fruit Garnish.Jpg", "display_order": 2, "date_created": "2022-02-19T16:01:29.522Z", "original": "images/products/orange_fine_cuts/orange_fine_alt.jpg"}}, {"model": "catalogue.productimage", "pk": 10, "fields": {"product": 16, "caption": "Blood Orange Fine Alt Dehydrated Fruit Garnish.Jpg", "display_order": 0, "date_created": "2022-02-19T16:01:29.526Z", "original": "images/products/blood_orange_fine_cuts/grape_jar.jpg"}}, {"model": "catalogue.productimage", "pk": 11, "fields": {"product": 16, "caption": "Grapefruit Jar Dehydrated Fruit Garnish.Jpg", "display_order": 1, "date_created": "2022-02-19T16:01:29.531Z", "original": "images/products/blood_orange_fine_cuts/blood_orange_fine_3pc.jpg"}}, {"model": "catalogue.productimage", "pk": 12, "fields": {"product": 16, "caption": "Blood Orange Fine 3Pc Dehydrated Fruit Garnish.Jpg", "display_order": 2, "date_created": "2022-02-19T16:01:29.534Z", "original": "images/products/blood_orange_fine_cuts/blood_orange_fine_alt.jpg"}}, {"model": "catalogue.productimage", "pk": 13, "fields": {"product": 21, "caption": "Blood Orange Rough Alt Dehydrated Fruit Garnish.Jpg", "display_order": 0, "date_created": "2022-02-19T16:01:29.538Z", "original": "images/products/blood_orange_rough_cuts/blood_orange_rough_cut_jar.jpg"}}, {"model": "catalogue.productimage", "pk": 14, "fields": {"product": 21, "caption": "Blood Orange Rough Cut Jar Dehydrated Fruit Garnish.Jpg", "display_order": 1, "date_created": "2022-02-19T16:01:29.544Z", "original": "images/products/blood_orange_rough_cuts/blood_orange_rough_3pc.jpg"}}, {"model": "catalogue.productimage", "pk": 15, "fields": {"product": 21, "caption": "Blood Orange Rough 3Pc Dehydrated Fruit Garnish.Jpg", "display_order": 2, "date_created": "2022-02-19T16:01:29.546Z", "original": "images/products/blood_orange_rough_cuts/blood_orange_rough_alt.jpg"}}, {"model": "catalogue.productimage", "pk": 16, "fields": {"product": 25, "caption": "Orange Rough Alt Dehydrated Fruit Garnish.Jpg", "display_order": 0, "date_created": "2022-02-19T16:01:29.550Z", "original": "images/products/orange_rough_cuts/orange_rough_cuts_jar.jpg"}}, {"model": "catalogue.productimage", "pk": 17, "fields": {"product": 25, "caption": "Orange Rough Cuts Jar Dehydrated Fruit Garnish.Jpg", "display_order": 1, "date_created": "2022-02-19T16:01:29.554Z", "original": "images/products/orange_rough_cuts/orange_rough_3pc.jpg"}}, {"model": "catalogue.productimage", "pk": 18, "fields": {"product": 25, "caption": "Orange Rough 3Pc Dehydrated Fruit Garnish.Jpg", "display_order": 2, "date_created": "2022-02-19T16:01:29.557Z", "original": "images/products/orange_rough_cuts/orange_rough_alt.jpg"}}, {"model": "catalogue.productimage", "pk": 19, "fields": {"product": 30, "caption": "Lime Rough Alt Dehydrated Fruit Garnish.Jpg", "display_order": 0, "date_created": "2022-02-19T16:01:29.560Z", "original": "images/products/lime_rough_cuts/lime_rough_cut_jar.jpg"}}, {"model": "catalogue.productimage", "pk": 20, "fields": {"product": 30, "caption": "Lime Rough Cut Jar Dehydrated Fruit Garnish.Jpg", "display_order": 1, "date_created": "2022-02-19T16:01:29.566Z", "original": "images/products/lime_rough_cuts/lime_rough_3pc.jpg"}}, {"model": "catalogue.productimage", "pk": 21, "fields": {"product": 30, "caption": "Lime Rough 3Pc Dehydrated Fruit Garnish.Jpg", "display_order": 2, "date_created": "2022-02-19T16:01:29.568Z", "original": "images/products/lime_rough_cuts/lime_rough_alt.jpg"}}, {"model": "catalogue.productimage", "pk": 22, "fields": {"product": 35, "caption": "Lemon Rough Alt Dehydrated Fruit Garnish.Jpg", "display_order": 0, "date_created": "2022-02-19T16:01:29.572Z", "original": "images/products/lemon_rough_cuts/lemon_rough_cut_jar.jpg"}}, {"model": "catalogue.productimage", "pk": 23, "fields": {"product": 35, "caption": "Lemon Rough Cut Jar Dehydrated Fruit Garnish.Jpg", "display_order": 1, "date_created": "2022-02-19T16:01:29.576Z", "original": "images/products/lemon_rough_cuts/lemon_rough_3pc.jpg"}}, {"model": "catalogue.productimage", "pk": 24, "fields": {"product": 35, "caption": "Lemon Rough 3Pc Dehydrated Fruit Garnish.Jpg", "display_order": 2, "date_created": "2022-02-19T16:01:29.579Z", "original": "images/products/lemon_rough_cuts/lemon_rough_alt.jpg"}}, {"model": "catalogue.productimage", "pk": 25, "fields": {"product": 39, "caption": "Orange Petal Alt Dehydrated Fruit Garnish.Jpg", "display_order": 0, "date_created": "2022-02-19T16:01:29.582Z", "original": "images/products/orange_petals/orange_petals_jar.jpg"}}, {"model": "catalogue.productimage", "pk": 26, "fields": {"product": 39, "caption": "Orange Petals Jar Dehydrated Fruit Garnish.Jpg", "display_order": 1, "date_created": "2022-02-19T16:01:29.586Z", "original": "images/products/orange_petals/orange_petal_3pc.jpg"}}, {"model": "catalogue.productimage", "pk": 27, "fields": {"product": 39, "caption": "Orange Petal 3Pc Dehydrated Fruit Garnish.Jpg", "display_order": 2, "date_created": "2022-02-19T16:01:29.589Z", "original": "images/products/orange_petals/orange_petal_alt.jpg"}}, {"model": "catalogue.productimage", "pk": 28, "fields": {"product": 43, "caption": "Blood Orange Petal Alt Dehydrated Fruit Garnish .Jpg", "display_order": 0, "date_created": "2022-02-19T16:01:29.591Z", "original": "images/products/blood_orange_petals/blood_orange_petals_jar.jpg"}}, {"model": "catalogue.productimage", "pk": 29, "fields": {"product": 43, "caption": "Blood Orange Petals Jar Dehydrated Fruit Garnish.Jpg", "display_order": 1, "date_created": "2022-02-19T16:01:29.595Z", "original": "images/products/blood_orange_petals/blood_orange_petal_3pc.jpg"}}, {"model": "catalogue.productimage", "pk": 30, "fields": {"product": 43, "caption": "Blood Orange Petal 3Pc Dehydrated Fruit Garnish.Jpg", "display_order": 2, "date_created": "2022-02-19T16:01:29.597Z", "original": "images/products/blood_orange_petals/blood_orange_petal_alt.jpg"}}, {"model": "catalogue.productimage", "pk": 31, "fields": {"product": 46, "caption": "Lemon Petal Alt Dehydrated Fruit Garnish.Jpg", "display_order": 0, "date_created": "2022-02-19T16:01:29.601Z", "original": "images/products/lemon_petals/lemon_petals_jar.jpg"}}, {"model": "catalogue.productimage", "pk": 32, "fields": {"product": 46, "caption": "Lemon Petals Jar Dehydrated Fruit Garnish.Jpg", "display_order": 1, "date_created": "2022-02-19T16:01:29.605Z", "original": "images/products/lemon_petals/lemon_petal_3pc.jpg"}}, {"model": "catalogue.productimage", "pk": 33, "fields": {"product": 46, "caption": "Lemon Petal 3Pc Dehydrated Fruit Garnish.Jpg", "display_order": 2, "date_created": "2022-02-19T16:01:29.607Z", "original": "images/products/lemon_petals/lemon_petal_alt.jpg"}}, {"model": "catalogue.productimage", "pk": 34, "fields": {"product": 49, "caption": "Lime Petal Alt Dehydrated Fruit Garnish.Jpg", "display_order": 0, "date_created": "2022-02-19T16:01:29.610Z", "original": "images/products/lime_petals/lime_petals_jar.jpg"}}, {"model": "catalogue.productimage", "pk": 35, "fields": {"product": 49, "caption": "Lime Petals Jar Dehydrated Fruit Garnish.Jpg", "display_order": 1, "date_created": "2022-02-19T16:01:29.615Z", "original": "images/products/lime_petals/lime_petal_3pc.jpg"}}, {"model": "catalogue.productimage", "pk": 36, "fields": {"product": 49, "caption": "Lime Petal 3Pc Dehydrated Fruit Garnish.Jpg", "display_order": 2, "date_created": "2022-02-19T16:01:29.618Z", "original": "images/products/lime_petals/lime_petal_alt.jpg"}}, {"model": "catalogue.productimage", "pk": 37, "fields": {"product": 52, "caption": "Pineapple Half Alt Dehydrated Fruit Garnish.Jpg", "display_order": 0, "date_created": "2022-02-19T16:01:29.622Z", "original": "images/products/pineapple_half_moons/pineapple_halves_jar.jpg"}}, {"model": "catalogue.productimage", "pk": 38, "fields": {"product": 52, "caption": "Pineapple Halves Jar Dehydrated Fruit Garnish.Jpg", "display_order": 1, "date_created": "2022-02-19T16:01:29.627Z", "original": "images/products/pineapple_half_moons/pineapple_half_3pc.jpg"}}, {"model": "catalogue.productimage", "pk": 39, "fields": {"product": 52, "caption": "Pineapple Half 3Pc Dehydrated Fruit Garnish.Jpg", "display_order": 2, "date_created": "2022-02-19T16:01:29.630Z", "original": "images/products/pineapple_half_moons/pineapple_half_alt.jpg"}}, {"model": "catalogue.productimage", "pk": 40, "fields": {"product": 56, "caption": "Pineapple Whole Alt Dehydrated Fruit Garnish.Jpg", "display_order": 0, "date_created": "2022-02-19T16:01:29.634Z", "original": "images/products/pineapple_full_cuts/pineapple_whole_jar.jpg"}}, {"model": "catalogue.productimage", "pk": 41, "fields": {"product": 56, "caption": "Pineapple Whole Jar Dehydrated Fruit Garnish.Jpg", "display_order": 1, "date_created": "2022-02-19T16:01:29.640Z", "original": "images/products/pineapple_full_cuts/pineapple_whole_3pc.jpg"}}, {"model": "catalogue.productimage", "pk": 42, "fields": {"product": 56, "caption": "Pineapple Whole 3Pc Dehydrated Fruit Garnish.Jpg", "display_order": 2, "date_created": "2022-02-19T16:01:29.642Z", "original": "images/products/pineapple_full_cuts/pineapple_whole_alt.jpg"}}, {"model": "catalogue.productimage", "pk": 43, "fields": {"product": 59, "caption": "Apple Alt Dehydrated Fruit Garnish.Jpg", "display_order": 0, "date_created": "2022-02-19T16:01:29.646Z", "original": "images/products/apple/apple_jar.jpg"}}, {"model": "catalogue.productimage", "pk": 44, "fields": {"product": 59, "caption": "Apple Jar Dehydrated Fruit Garnish.Jpg", "display_order": 1, "date_created": "2022-02-19T16:01:29.652Z", "original": "images/products/apple/apple_3_pc.jpg"}}, {"model": "catalogue.productimage", "pk": 45, "fields": {"product": 59, "caption": "Apple 3 Pc Dehydrated Fruit Garnish.Jpg", "display_order": 2, "date_created": "2022-02-19T16:01:29.654Z", "original": "images/products/apple/apple_alt.jpg"}}, {"model": "catalogue.productimage", "pk": 46, "fields": {"product": 64, "caption": "Pears.Jpg", "display_order": 0, "date_created": "2022-02-19T16:01:29.657Z", "original": "images/products/pear/pear_3pc.jpg"}}, {"model": "catalogue.productimage", "pk": 47, "fields": {"product": 64, "caption": "Pear 3Pc Dehydrated Fruit Garnish.Jpg", "display_order": 1, "date_created": "2022-02-19T16:01:29.662Z", "original": "images/products/pear/pear_alt.jpg"}}, {"model": "catalogue.productimage", "pk": 48, "fields": {"product": 64, "caption": "Pear Alt Dehydrated Fruit Garnish.Jpg", "display_order": 2, "date_created": "2022-02-19T16:01:29.664Z", "original": "images/products/pear/pears.jpg"}}, {"model": "catalogue.productimage", "pk": 49, "fields": {"product": 69, "caption": "Fig Alt Dehydrated Fruit Garnish.Jpg", "display_order": 0, "date_created": "2022-02-19T16:01:29.667Z", "original": "images/products/figs/figs_jar.jpg"}}, {"model": "catalogue.productimage", "pk": 50, "fields": {"product": 69, "caption": "Figs Jar Dehydrated Fruit Garnish.Jpg", "display_order": 1, "date_created": "2022-02-19T16:01:29.671Z", "original": "images/products/figs/fig_3pc.jpg"}}, {"model": "catalogue.productimage", "pk": 51, "fields": {"product": 69, "caption": "Fig 3Pc Dehydrated Fruit Garnish.Jpg", "display_order": 2, "date_created": "2022-02-19T16:01:29.673Z", "original": "images/products/figs/fig_alt.jpg"}}, {"model": "catalogue.productimage", "pk": 52, "fields": {"product": 77, "caption": "Lotus Alt Dehydrated Fruit Garnish.Jpg", "display_order": 0, "date_created": "2022-02-19T16:01:29.679Z", "original": "images/products/lotus_root/lotus_root_jar.jpg"}}, {"model": "catalogue.productimage", "pk": 53, "fields": {"product": 77, "caption": "Lotus Root Jar Dehydrated Fruit Garnish.Jpg", "display_order": 1, "date_created": "2022-02-19T16:01:29.683Z", "original": "images/products/lotus_root/lotus_3pc.jpg"}}, {"model": "catalogue.productimage", "pk": 54, "fields": {"product": 77, "caption": "Lotus 3Pc Dehydrated Fruit Garnish.Jpg", "display_order": 2, "date_created": "2022-02-19T16:01:29.686Z", "original": "images/products/lotus_root/lotus_alt.jpg"}}, {"model": "catalogue.productimage", "pk": 55, "fields": {"product": 82, "caption": "Persimmon Alt Dehydrated Fruit Garnish.Jpg", "display_order": 0, "date_created": "2022-02-19T16:01:29.690Z", "original": "images/products/persimmon/persimmon_jar.jpg"}}, {"model": "catalogue.productimage", "pk": 56, "fields": {"product": 82, "caption": "Persimmon Jar Dehydrated Fruit Garnish.Jpg", "display_order": 1, "date_created": "2022-02-19T16:01:29.695Z", "original": "images/products/persimmon/persimmon_3pc.jpg"}}, {"model": "catalogue.productimage", "pk": 57, "fields": {"product": 82, "caption": "Persimmon 3Pc Dehydrated Fruit Garnish.Jpg", "display_order": 2, "date_created": "2022-02-19T16:01:29.697Z", "original": "images/products/persimmon/persimmon_alt.jpg"}}, {"model": "catalogue.productimage", "pk": 58, "fields": {"product": 86, "caption": "Kiwi Alt Dehydrated Fruit Garnish.Jpg", "display_order": 0, "date_created": "2022-02-19T16:01:29.700Z", "original": "images/products/kiwifruit/kiwi_jar.jpg"}}, {"model": "catalogue.productimage", "pk": 59, "fields": {"product": 86, "caption": "Kiwi Jar Dehydrated Fruit Garnish.Jpg", "display_order": 1, "date_created": "2022-02-19T16:01:29.705Z", "original": "images/products/kiwifruit/kiwi_3pc.jpg"}}, {"model": "catalogue.productimage", "pk": 60, "fields": {"product": 86, "caption": "Kiwi 3Pc Dehydrated Fruit Garnish.Jpg", "display_order": 2, "date_created": "2022-02-19T16:01:29.707Z", "original": "images/products/kiwifruit/kiwi_alt.jpg"}}, {"model": "catalogue.productimage", "pk": 61, "fields": {"product": 90, "caption": "Starfruit Alt Dehydrated Fruit Garnish.Jpg", "display_order": 0, "date_created": "2022-02-19T16:01:29.711Z", "original": "images/products/star_fruit/starfruit_jar.jpg"}}, {"model": "catalogue.productimage", "pk": 62, "fields": {"product": 90, "caption": "Starfruit Jar Dehydrated Fruit Garnish.Jpg", "display_order": 1, "date_created": "2022-02-19T16:01:29.715Z", "original": "images/products/star_fruit/starfruit_3pc.jpg"}}, {"model": "catalogue.productimage", "pk": 63, "fields": {"product": 90, "caption": "Starfruit 3Pc Dehydrated Fruit Garnish.Jpg", "display_order": 2, "date_created": "2022-02-19T16:01:29.718Z", "original": "images/products/star_fruit/starfruit_alt.jpg"}}, {"model": "catalogue.productimage", "pk": 64, "fields": {"product": 94, "caption": "Dragonfruit White Alt Dehydrated Fruit Garnish.Jpg", "display_order": 0, "date_created": "2022-02-19T16:01:29.721Z", "original": "images/products/dragon_fruit_white/dragonfruit_white_jar.jpg"}}, {"model": "catalogue.productimage", "pk": 65, "fields": {"product": 94, "caption": "Dragonfruit White Jar Dehydrated Fruit Garnish.Jpg", "display_order": 1, "date_created": "2022-02-19T16:01:29.726Z", "original": "images/products/dragon_fruit_white/dragonfruit_white.jpg"}}, {"model": "catalogue.productimage", "pk": 66, "fields": {"product": 94, "caption": "Dragonfruit White Dehydrated Fruit Garnish.Jpg", "display_order": 2, "date_created": "2022-02-19T16:01:29.729Z", "original": "images/products/dragon_fruit_white/dragonfruit_white_alt.jpg"}}, {"model": "catalogue.productimage", "pk": 67, "fields": {"product": 98, "caption": "Dragonfruit Red Alt Dehydrated Fruit Garnish.Jpg", "display_order": 0, "date_created": "2022-02-19T16:01:29.732Z", "original": "images/products/dragon_fruit_red/dragonfruit_purple_jar.jpg"}}, {"model": "catalogue.productimage", "pk": 68, "fields": {"product": 98, "caption": "Dragonfruit Purple Jar Dehydrated Fruit Garnish.Jpg", "display_order": 1, "date_created": "2022-02-19T16:01:29.738Z", "original": "images/products/dragon_fruit_red/dragonfruit_red.jpg"}}, {"model": "catalogue.productimage", "pk": 69, "fields": {"product": 98, "caption": "Dragonfruit Red Dehydrated Fruit Garnish.Jpg", "display_order": 2, "date_created": "2022-02-19T16:01:29.741Z", "original": "images/products/dragon_fruit_red/dragonfruit_red_alt.jpg"}}, {"model": "catalogue.productimage", "pk": 70, "fields": {"product": 106, "caption": "29.Jpg", "display_order": 0, "date_created": "2022-02-19T16:01:29.746Z", "original": "images/products/hand_cut_roses/roses_jar.jpg"}}, {"model": "catalogue.productimage", "pk": 71, "fields": {"product": 106, "caption": "Roses Jar Dehydrated Fruit Garnish.Jpg", "display_order": 1, "date_created": "2022-02-19T16:01:29.751Z", "original": "images/products/hand_cut_roses/roses_3pc.jpg"}}, {"model": "catalogue.productimage", "pk": 72, "fields": {"product": 115, "caption": "Sphinx Hat Side.Jpg", "display_order": 0, "date_created": "2022-02-19T16:01:29.757Z", "original": "images/products/sphinx_hat/sphinx_hat_front.jpg"}}, {"model": "catalogue.productimage", "pk": 73, "fields": {"product": 115, "caption": "Sphinx Hat Front.Jpg", "display_order": 1, "date_created": "2022-02-19T16:01:29.763Z", "original": "images/products/sphinx_hat/sphinx_hat_back.jpg"}}, {"model": "catalogue.productimage", "pk": 74, "fields": {"product": 115, "caption": "Sphinx Hat Back.Jpg", "display_order": 2, "date_created": "2022-02-19T16:01:29.766Z", "original": "images/products/sphinx_hat/sphinx_hat_side.jpg"}}, {"model": "catalogue.productimage", "pk": 75, "fields": {"product": 116, "caption": "Shiny Gold Sphinx Pin.Jpg", "display_order": 0, "date_created": "2022-02-19T16:01:29.770Z", "original": "images/products/lapel_pin/shiny_gold_sphinx_pin.jpg"}}, {"model": "catalogue.product", "pk": 1, "fields": {"structure": "parent", "is_public": true, "upc": "5f7524941158a96d1ac2b654", "parent": null, "title": "Lime - Fine Cuts", "slug": "fine-dehydrated-lime-cocktail-garnish", "description": "Fine Cuts are the most consistent cut we offer, with the same thickness from slice to slice. A perfect addition to any cocktail.", "product_class": 1, "rating": null, "date_created": "2022-02-18T12:35:54.227Z", "date_updated": "2022-02-19T16:01:29.494Z", "is_discountable": true, "length": null, "width": null, "height": null, "weight": null, "meta_description": "Fine Cuts are the most consistent cut we offer, with the same thickness from slice to slice. A perfect addition to any cocktail.", "meta_title": "Lime - Fine Cuts", "_order": 0, "product_options": []}}, {"model": "catalogue.product", "pk": 2, "fields": {"structure": "child", "is_public": true, "upc": "1da1c05b-365f-483d-b92f-0503a4b3b952", "parent": 1, "title": "Pouch - 8ct", "slug": "fine-dehydrated-lime-cocktail-garnish-pouch-8ct", "description": "", "product_class": null, "rating": null, "date_created": "2022-02-18T12:35:54.227Z", "date_updated": "2022-02-18T12:35:54.227Z", "is_discountable": true, "length": 6.0, "width": 5.0, "height": 1.0, "weight": 0.001, "meta_description": null, "meta_title": null, "_order": 0, "product_options": []}}, {"model": "catalogue.product", "pk": 3, "fields": {"structure": "child", "is_public": true, "upc": "2fa0adcc-74a4-4756-bc30-29204cb0160f", "parent": 1, "title": "Small Jar - 35ct", "slug": "fine-dehydrated-lime-cocktail-garnish-smalljar-35ct", "description": "", "product_class": null, "rating": null, "date_created": "2022-02-18T12:35:54.227Z", "date_updated": "2022-02-18T12:35:54.227Z", "is_discountable": true, "length": 4.0, "width": 4.0, "height": 4.0, "weight": 1.4, "meta_description": null, "meta_title": null, "_order": 1, "product_options": []}}, {"model": "catalogue.product", "pk": 4, "fields": {"structure": "child", "is_public": true, "upc": "c4f5749e-466b-4c0b-8fb9-6d99a941bf98", "parent": 1, "title": "Large Jar - 100ct", "slug": "fine-dehydrated-lime-cocktail-garnish-largejar-100ct", "description": "", "product_class": null, "rating": null, "date_created": "2022-02-18T12:35:54.227Z", "date_updated": "2022-02-18T12:35:54.227Z", "is_discountable": true, "length": 3.75, "width": 3.75, "height": 7.0, "weight": 1.4, "meta_description": null, "meta_title": null, "_order": 2, "product_options": []}}, {"model": "catalogue.product", "pk": 5, "fields": {"structure": "child", "is_public": true, "upc": "225fde51-6439-4bf4-9508-ef1f08addd9e", "parent": 1, "title": "Wholesale - 625ct", "slug": "fine-dehydrated-lime-cocktail-garnish-wholesale-625ct", "description": "", "product_class": null, "rating": null, "date_created": "2022-02-18T12:35:54.228Z", "date_updated": "2022-02-18T12:35:54.228Z", "is_discountable": true, "length": 12.0, "width": 4.0, "height": 13.0, "weight": 2.5, "meta_description": null, "meta_title": null, "_order": 3, "product_options": []}}, {"model": "catalogue.product", "pk": 6, "fields": {"structure": "parent", "is_public": true, "upc": "5f75381e2fbf5a33637c5556", "parent": null, "title": "Lemon - Fine Cuts", "slug": "fine-dehydrated-lemon-cocktail-garnish", "description": "Fine Cuts are the most consistent cut we offer, with the same thickness from slice to slice. A perfect addition to any cocktail.", "product_class": 1, "rating": null, "date_created": "2022-02-18T12:35:54.228Z", "date_updated": "2022-02-19T16:01:29.506Z", "is_discountable": true, "length": null, "width": null, "height": null, "weight": null, "meta_description": "Fine Cuts are the most consistent cut we offer, with the same thickness from slice to slice. A perfect addition to any cocktail.", "meta_title": "Lemon - Fine Cuts", "_order": 1, "product_options": []}}, {"model": "catalogue.product", "pk": 7, "fields": {"structure": "child", "is_public": true, "upc": "9d3f3ada-5582-439f-a78e-17a100075b30", "parent": 6, "title": "Pouch - 8ct", "slug": "fine-dehydrated-lemon-cocktail-garnish-pouch-8ct", "description": "", "product_class": null, "rating": null, "date_created": "2022-02-18T12:35:54.228Z", "date_updated": "2022-02-18T12:35:54.228Z", "is_discountable": true, "length": 6.0, "width": 1.0, "height": 5.0, "weight": 0.05, "meta_description": null, "meta_title": null, "_order": 0, "product_options": []}}, {"model": "catalogue.product", "pk": 8, "fields": {"structure": "child", "is_public": true, "upc": "6fc897d8-3f68-4c4b-92a6-b0549fb4bb35", "parent": 6, "title": "Small Jar - 50ct", "slug": "fine-dehydrated-lemon-cocktail-garnish-smalljar-50ct", "description": "", "product_class": null, "rating": null, "date_created": "2022-02-18T12:35:54.228Z", "date_updated": "2022-02-18T12:35:54.228Z", "is_discountable": true, "length": 12.0, "width": 4.0, "height": 13.0, "weight": 1.4, "meta_description": null, "meta_title": null, "_order": 1, "product_options": []}}, {"model": "catalogue.product", "pk": 9, "fields": {"structure": "child", "is_public": true, "upc": "3d8477aa-0e34-4bec-94a0-09cf43233361", "parent": 6, "title": "Large Jar - 100ct", "slug": "fine-dehydrated-lemon-cocktail-garnish-largejar-100ct", "description": "", "product_class": null, "rating": null, "date_created": "2022-02-18T12:35:54.228Z", "date_updated": "2022-02-18T12:35:54.228Z", "is_discountable": true, "length": 3.75, "width": 3.75, "height": 7.0, "weight": 1.5, "meta_description": null, "meta_title": null, "_order": 2, "product_options": []}}, {"model": "catalogue.product", "pk": 10, "fields": {"structure": "child", "is_public": true, "upc": "2973f878-75aa-4c77-9d92-0c067999cd4c", "parent": 6, "title": "Wholesale - 625ct", "slug": "fine-dehydrated-lemon-cocktail-garnish-wholesale-625ct", "description": "", "product_class": null, "rating": null, "date_created": "2022-02-18T12:35:54.228Z", "date_updated": "2022-02-18T12:35:54.228Z", "is_discountable": true, "length": 12.0, "width": 4.0, "height": 13.0, "weight": 1.95, "meta_description": null, "meta_title": null, "_order": 3, "product_options": []}}, {"model": "catalogue.product", "pk": 11, "fields": {"structure": "parent", "is_public": true, "upc": "5f753a86f5a59735fc894ee1", "parent": null, "title": "Orange - Fine Cuts", "slug": "fine-dehydrated-orange-cocktail-garnish", "description": "Fine Cuts are the most consistent cut we offer, with the same thickness from slice to slice. A perfect addition to any cocktail.", "product_class": 1, "rating": null, "date_created": "2022-02-18T12:35:54.228Z", "date_updated": "2022-02-19T16:01:29.515Z", "is_discountable": true, "length": null, "width": null, "height": null, "weight": null, "meta_description": "Fine Cuts are the most consistent cut we offer, with the same thickness from slice to slice. A perfect addition to any cocktail.", "meta_title": "Orange - Fine Cuts", "_order": 2, "product_options": []}}, {"model": "catalogue.product", "pk": 12, "fields": {"structure": "child", "is_public": true, "upc": "f5a4926b-3075-4125-8650-56b5666ade22", "parent": 11, "title": "Pouch - 6ct", "slug": "fine-dehydrated-orange-cocktail-garnish-pouch-6ct", "description": "", "product_class": null, "rating": null, "date_created": "2022-02-18T12:35:54.228Z", "date_updated": "2022-02-18T12:35:54.228Z", "is_discountable": true, "length": 6.0, "width": 1.0, "height": 5.0, "weight": 0.001, "meta_description": null, "meta_title": null, "_order": 0, "product_options": []}}, {"model": "catalogue.product", "pk": 13, "fields": {"structure": "child", "is_public": true, "upc": "544d4a5d-d5f1-4faf-86f2-8aa49a1a4e33", "parent": 11, "title": "Small Jar - 35ct", "slug": "fine-dehydrated-orange-cocktail-garnish-smalljar-35ct", "description": "", "product_class": null, "rating": null, "date_created": "2022-02-18T12:35:54.228Z", "date_updated": "2022-02-18T12:35:54.228Z", "is_discountable": true, "length": 4.0, "width": 4.0, "height": 4.0, "weight": 1.4, "meta_description": null, "meta_title": null, "_order": 1, "product_options": []}}, {"model": "catalogue.product", "pk": 14, "fields": {"structure": "child", "is_public": true, "upc": "2c3bc9c7-a98d-4f22-ac41-48a836dfa7c0", "parent": 11, "title": "Large Jar - 70ct", "slug": "fine-dehydrated-orange-cocktail-garnish-largejar-70ct", "description": "", "product_class": null, "rating": null, "date_created": "2022-02-18T12:35:54.228Z", "date_updated": "2022-02-18T12:35:54.228Z", "is_discountable": true, "length": 12.0, "width": 4.0, "height": 13.0, "weight": 1.95, "meta_description": null, "meta_title": null, "_order": 2, "product_options": []}}, {"model": "catalogue.product", "pk": 15, "fields": {"structure": "child", "is_public": true, "upc": "03bb027f-d53c-4464-bbc3-9c11a0fbec8d", "parent": 11, "title": "Wholesale - 400ct", "slug": "fine-dehydrated-orange-cocktail-garnish-wholesale-400ct", "description": "", "product_class": null, "rating": null, "date_created": "2022-02-18T12:35:54.228Z", "date_updated": "2022-02-18T12:35:54.228Z", "is_discountable": true, "length": 12.0, "width": 4.0, "height": 13.0, "weight": 1.95, "meta_description": null, "meta_title": null, "_order": 3, "product_options": []}}, {"model": "catalogue.product", "pk": 16, "fields": {"structure": "parent", "is_public": true, "upc": "5f753cec2b23623907f1c830", "parent": null, "title": "Blood Orange - Fine Cuts", "slug": "fine-dehydrated-blood-orange-cocktail-garnish", "description": "Fine Cuts are the most consistent cut we offer, with the same thickness from slice to slice.A perfect addition to any cocktail.", "product_class": 1, "rating": null, "date_created": "2022-02-18T12:35:54.228Z", "date_updated": "2022-02-19T16:01:29.527Z", "is_discountable": true, "length": null, "width": null, "height": null, "weight": null, "meta_description": "Fine Cuts are the most consistent cut we offer, with the same thickness from slice to slice.A perfect addition to any cocktail.", "meta_title": "Blood Orange - Fine Cuts", "_order": 3, "product_options": []}}, {"model": "catalogue.product", "pk": 17, "fields": {"structure": "child", "is_public": true, "upc": "cdf081c0-df5d-493f-b33f-598d4fea990e", "parent": 16, "title": "Pouch - 6ct", "slug": "fine-dehydrated-blood-orange-cocktail-garnish-pouch-6ct", "description": "", "product_class": null, "rating": null, "date_created": "2022-02-18T12:35:54.228Z", "date_updated": "2022-02-18T12:35:54.228Z", "is_discountable": true, "length": 6.0, "width": 1.0, "height": 5.0, "weight": 0.001, "meta_description": null, "meta_title": null, "_order": 0, "product_options": []}}, {"model": "catalogue.product", "pk": 18, "fields": {"structure": "child", "is_public": true, "upc": "3d6c7183-0704-4146-8fc6-eabd4a48eaf6", "parent": 16, "title": "Small Jar - 35ct", "slug": "fine-dehydrated-blood-orange-cocktail-garnish-smalljar-35ct", "description": "", "product_class": null, "rating": null, "date_created": "2022-02-18T12:35:54.228Z", "date_updated": "2022-02-18T12:35:54.228Z", "is_discountable": true, "length": 4.0, "width": 4.0, "height": 4.0, "weight": 1.4, "meta_description": null, "meta_title": null, "_order": 1, "product_options": []}}, {"model": "catalogue.product", "pk": 19, "fields": {"structure": "child", "is_public": true, "upc": "115150e5-c6c4-49cb-9f47-d703cc3d161b", "parent": 16, "title": "Large Jar - 70ct", "slug": "fine-dehydrated-blood-orange-cocktail-garnish-largejar-70ct", "description": "", "product_class": null, "rating": null, "date_created": "2022-02-18T12:35:54.229Z", "date_updated": "2022-02-18T12:35:54.229Z", "is_discountable": true, "length": 3.75, "width": 3.75, "height": 7.0, "weight": 1.4, "meta_description": null, "meta_title": null, "_order": 2, "product_options": []}}, {"model": "catalogue.product", "pk": 20, "fields": {"structure": "child", "is_public": true, "upc": "e5c27b85-e714-4f07-b0c6-e22b9956de27", "parent": 16, "title": "Wholesale - 400ct", "slug": "fine-dehydrated-blood-orange-cocktail-garnish-wholesale-400ct", "description": "", "product_class": null, "rating": null, "date_created": "2022-02-18T12:35:54.229Z", "date_updated": "2022-02-18T12:35:54.229Z", "is_discountable": true, "length": 12.0, "width": 4.0, "height": 13.0, "weight": 1.95, "meta_description": null, "meta_title": null, "_order": 3, "product_options": []}}, {"model": "catalogue.product", "pk": 21, "fields": {"structure": "parent", "is_public": true, "upc": "5f753ef12fbf5a33637d4f76", "parent": null, "title": "Blood Orange - Rough Cuts", "slug": "rough-dehydrated-blood-orange-cocktail-garnish", "description": "Rough Cuts are thicker and vary in size. Great for drinks that are a bit more rough around the edges and call for a hand-cut, rustic look.", "product_class": 1, "rating": null, "date_created": "2022-02-18T12:35:54.229Z", "date_updated": "2022-02-19T16:01:29.539Z", "is_discountable": true, "length": null, "width": null, "height": null, "weight": null, "meta_description": "Rough Cuts are thicker and vary in size. Great for drinks that are a bit more rough around the edges and call for a hand-cut, rustic look.", "meta_title": "Blood Orange - Rough Cuts", "_order": 4, "product_options": []}}, {"model": "catalogue.product", "pk": 22, "fields": {"structure": "child", "is_public": true, "upc": "ab7f4f17-06fb-43de-93c9-814169985dc7", "parent": 21, "title": "Pouch - 4ct", "slug": "rough-dehydrated-blood-orange-cocktail-garnish-pouch-4ct", "description": "", "product_class": null, "rating": null, "date_created": "2022-02-18T12:35:54.229Z", "date_updated": "2022-02-18T12:35:54.229Z", "is_discountable": true, "length": 6.0, "width": 1.0, "height": 6.0, "weight": 0.09, "meta_description": null, "meta_title": null, "_order": 0, "product_options": []}}, {"model": "catalogue.product", "pk": 23, "fields": {"structure": "child", "is_public": true, "upc": "bef35630-bebe-4671-8b00-a06a3af0c15d", "parent": 21, "title": "Small Jar - 20ct", "slug": "rough-dehydrated-blood-orange-cocktail-garnish-smalljar-20ct", "description": "", "product_class": null, "rating": null, "date_created": "2022-02-18T12:35:54.229Z", "date_updated": "2022-02-18T12:35:54.229Z", "is_discountable": true, "length": 4.0, "width": 4.0, "height": 4.0, "weight": 1.4, "meta_description": null, "meta_title": null, "_order": 1, "product_options": []}}, {"model": "catalogue.product", "pk": 24, "fields": {"structure": "child", "is_public": true, "upc": "aca86b55-338f-4b35-912e-5a6c85be6599", "parent": 21, "title": "Large Jar - 40ct", "slug": "rough-dehydrated-blood-orange-cocktail-garnish-largejar-40ct", "description": "", "product_class": null, "rating": null, "date_created": "2022-02-18T12:35:54.229Z", "date_updated": "2022-02-18T12:35:54.229Z", "is_discountable": true, "length": 3.75, "width": 3.75, "height": 7.0, "weight": 1.4, "meta_description": null, "meta_title": null, "_order": 2, "product_options": []}}, {"model": "catalogue.product", "pk": 25, "fields": {"structure": "parent", "is_public": true, "upc": "5f7540170121d07afb8cbc58", "parent": null, "title": "Orange - Rough Cuts", "slug": "rough-dehydrated-orange-cocktail-garnish", "description": "Rough Cuts are thicker and vary in size. Great for drinks that are a bit more rough around the edges and call for a hand-cut, rustic look.", "product_class": 1, "rating": null, "date_created": "2022-02-18T12:35:54.229Z", "date_updated": "2022-02-19T16:01:29.551Z", "is_discountable": true, "length": null, "width": null, "height": null, "weight": null, "meta_description": "Rough Cuts are thicker and vary in size. Great for drinks that are a bit more rough around the edges and call for a hand-cut, rustic look.", "meta_title": "Orange - Rough Cuts", "_order": 5, "product_options": []}}, {"model": "catalogue.product", "pk": 26, "fields": {"structure": "child", "is_public": true, "upc": "8c43d468-7f06-4c58-b2bf-b298f3474d0a", "parent": 25, "title": "6ct", "slug": "rough-dehydrated-orange-cocktail-garnish-6ct", "description": "", "product_class": null, "rating": null, "date_created": "2022-02-18T12:35:54.229Z", "date_updated": "2022-02-18T12:35:54.229Z", "is_discountable": true, "length": 6.0, "width": 1.0, "height": 6.0, "weight": 0.09, "meta_description": null, "meta_title": null, "_order": 0, "product_options": []}}, {"model": "catalogue.product", "pk": 27, "fields": {"structure": "child", "is_public": true, "upc": "d2f2dd87-999d-4aa3-b83e-1169b9fa62aa", "parent": 25, "title": "Small Jar - 30ct", "slug": "rough-dehydrated-orange-cocktail-garnish-smalljar-30ct", "description": "", "product_class": null, "rating": null, "date_created": "2022-02-18T12:35:54.229Z", "date_updated": "2022-02-18T12:35:54.229Z", "is_discountable": true, "length": 4.0, "width": 4.0, "height": 4.0, "weight": 1.4, "meta_description": null, "meta_title": null, "_order": 1, "product_options": []}}, {"model": "catalogue.product", "pk": 28, "fields": {"structure": "child", "is_public": true, "upc": "6b1a939b-bfd8-49e3-b97c-73e62ebccd31", "parent": 25, "title": "Large Jar - 60ct", "slug": "rough-dehydrated-orange-cocktail-garnish-largejar-60ct", "description": "", "product_class": null, "rating": null, "date_created": "2022-02-18T12:35:54.229Z", "date_updated": "2022-02-18T12:35:54.229Z", "is_discountable": true, "length": 3.75, "width": 3.75, "height": 7.0, "weight": 1.4, "meta_description": null, "meta_title": null, "_order": 2, "product_options": []}}, {"model": "catalogue.product", "pk": 29, "fields": {"structure": "child", "is_public": true, "upc": "a39ad68c-8eaa-4a80-a73c-8b0810be6de4", "parent": 25, "title": "Wholesale - 100ct", "slug": "rough-dehydrated-orange-cocktail-garnish-wholesale-100ct", "description": "", "product_class": null, "rating": null, "date_created": "2022-02-18T12:35:54.229Z", "date_updated": "2022-02-18T12:35:54.229Z", "is_discountable": true, "length": 7.0, "width": 2.0, "height": 9.0, "weight": 0.75, "meta_description": null, "meta_title": null, "_order": 3, "product_options": []}}, {"model": "catalogue.product", "pk": 30, "fields": {"structure": "parent", "is_public": true, "upc": "5f7541779993bf06c4cc5e3e", "parent": null, "title": "Lime - Rough Cuts", "slug": "rough-dehydrated-lime-cocktail-garnish", "description": "Rough Cuts are thicker and vary in size. Great for drinks that are a bit more rough around the edges and call for a hand-cut, rustic look.", "product_class": 1, "rating": null, "date_created": "2022-02-18T12:35:54.229Z", "date_updated": "2022-02-19T16:01:29.561Z", "is_discountable": true, "length": null, "width": null, "height": null, "weight": null, "meta_description": "Rough Cuts are thicker and vary in size. Great for drinks that are a bit more rough around the edges and call for a hand-cut, rustic look.", "meta_title": "Lime - Rough Cuts", "_order": 6, "product_options": []}}, {"model": "catalogue.product", "pk": 31, "fields": {"structure": "child", "is_public": true, "upc": "1eb97da2-f07a-4176-ba26-f7c614d5f6fe", "parent": 30, "title": "Pouch - 7ct", "slug": "rough-dehydrated-lime-cocktail-garnish-pouch-7ct", "description": "", "product_class": null, "rating": null, "date_created": "2022-02-18T12:35:54.229Z", "date_updated": "2022-02-18T12:35:54.229Z", "is_discountable": true, "length": 6.0, "width": 1.0, "height": 6.0, "weight": 0.2, "meta_description": null, "meta_title": null, "_order": 0, "product_options": []}}, {"model": "catalogue.product", "pk": 32, "fields": {"structure": "child", "is_public": true, "upc": "72284ff4-a25e-414e-8c64-19f01945365d", "parent": 30, "title": "Small Jar - 35ct", "slug": "rough-dehydrated-lime-cocktail-garnish-smalljar-35ct", "description": "", "product_class": null, "rating": null, "date_created": "2022-02-18T12:35:54.230Z", "date_updated": "2022-02-18T12:35:54.230Z", "is_discountable": true, "length": 4.0, "width": 4.0, "height": 4.0, "weight": 1.4, "meta_description": null, "meta_title": null, "_order": 1, "product_options": []}}, {"model": "catalogue.product", "pk": 33, "fields": {"structure": "child", "is_public": true, "upc": "38168337-fb58-4406-95d5-14107b7d80d4", "parent": 30, "title": "Large Jar - 70ct", "slug": "rough-dehydrated-lime-cocktail-garnish-largejar-70ct", "description": "", "product_class": null, "rating": null, "date_created": "2022-02-18T12:35:54.230Z", "date_updated": "2022-02-18T12:35:54.230Z", "is_discountable": true, "length": 3.75, "width": 3.75, "height": 7.0, "weight": 1.4, "meta_description": null, "meta_title": null, "_order": 2, "product_options": []}}, {"model": "catalogue.product", "pk": 34, "fields": {"structure": "child", "is_public": true, "upc": "db003e05-e37d-4f35-9d1a-83e3721c8317", "parent": 30, "title": "Wholesale - 150ct", "slug": "rough-dehydrated-lime-cocktail-garnish-wholesale-150ct", "description": "", "product_class": null, "rating": null, "date_created": "2022-02-18T12:35:54.230Z", "date_updated": "2022-02-18T12:35:54.230Z", "is_discountable": true, "length": 7.0, "width": 2.0, "height": 9.0, "weight": 0.75, "meta_description": null, "meta_title": null, "_order": 3, "product_options": []}}, {"model": "catalogue.product", "pk": 35, "fields": {"structure": "parent", "is_public": true, "upc": "5f7543610df493541c5772b4", "parent": null, "title": "Lemon - Rough Cuts", "slug": "rough-dehydrated-lemon-cocktail-garnish", "description": "Rough Cuts are thicker and vary in size. Great for drinks that are a bit more rough around the edges and call for a hand-cut, rustic look.", "product_class": 1, "rating": null, "date_created": "2022-02-18T12:35:54.230Z", "date_updated": "2022-02-19T16:01:29.573Z", "is_discountable": true, "length": null, "width": null, "height": null, "weight": null, "meta_description": "Rough Cuts are thicker and vary in size. Great for drinks that are a bit more rough around the edges and call for a hand-cut, rustic look.", "meta_title": "Lemon - Rough Cuts", "_order": 7, "product_options": []}}, {"model": "catalogue.product", "pk": 36, "fields": {"structure": "child", "is_public": true, "upc": "3bce9f65-89ef-44fa-9454-39a08559f8fd", "parent": 35, "title": "Pouch - 7pc", "slug": "rough-dehydrated-lemon-cocktail-garnish-pouch-7pc", "description": "", "product_class": null, "rating": null, "date_created": "2022-02-18T12:35:54.230Z", "date_updated": "2022-02-18T12:35:54.230Z", "is_discountable": true, "length": 6.0, "width": 1.0, "height": 6.0, "weight": 0.09, "meta_description": null, "meta_title": null, "_order": 0, "product_options": []}}, {"model": "catalogue.product", "pk": 37, "fields": {"structure": "child", "is_public": true, "upc": "2fb8e4d4-34a9-4a75-9831-5f6e20540205", "parent": 35, "title": "Small Jar - 30ct", "slug": "rough-dehydrated-lemon-cocktail-garnish-smalljar-30ct", "description": "", "product_class": null, "rating": null, "date_created": "2022-02-18T12:35:54.230Z", "date_updated": "2022-02-18T12:35:54.230Z", "is_discountable": true, "length": 4.0, "width": 4.0, "height": 4.0, "weight": 1.4, "meta_description": null, "meta_title": null, "_order": 1, "product_options": []}}, {"model": "catalogue.product", "pk": 38, "fields": {"structure": "child", "is_public": true, "upc": "f6809bb3-80a0-42e0-b057-fbbe8aff07a4", "parent": 35, "title": "Large Jar - 65ct", "slug": "rough-dehydrated-lemon-cocktail-garnish-largejar-65ct", "description": "", "product_class": null, "rating": null, "date_created": "2022-02-18T12:35:54.230Z", "date_updated": "2022-02-18T12:35:54.230Z", "is_discountable": true, "length": 3.75, "width": 3.75, "height": 7.0, "weight": 1.4, "meta_description": null, "meta_title": null, "_order": 2, "product_options": []}}, {"model": "catalogue.product", "pk": 39, "fields": {"structure": "parent", "is_public": true, "upc": "5f7544e27a7dba1ef4c542d4", "parent": null, "title": "Orange - Petals", "slug": "dehydrated-orange-petal-cocktail-garnish", "description": "In preparing citrus for slicing, we cut off the ends. In the spirit of letting nothing go to waste, we discovered the perfect sized garnish for smaller cocktail glasses, like the classic Nick & Nora. When dehydrated, these resemble dried flower petals, and make wonderful finishes to an egg white cocktail, punch bowl, or tea cup presentation. While they are small, they still pack in all the aromatics of the citrus. \n", "product_class": 1, "rating": null, "date_created": "2022-02-18T12:35:54.230Z", "date_updated": "2022-02-19T16:01:29.582Z", "is_discountable": true, "length": null, "width": null, "height": null, "weight": null, "meta_description": "In preparing citrus for slicing, we cut off the ends. In the spirit of letting nothing go to waste, we discovered the perfect sized garnish for smaller cocktail glasses, like the classic Nick & Nora. When dehydrated, these resemble dried flower petals, and make wonderful finishes to an egg white cocktail, punch bowl, or tea cup presentation. While they are small, they still pack in all the aromatics of the citrus. \n", "meta_title": "Orange - Petals", "_order": 8, "product_options": []}}, {"model": "catalogue.product", "pk": 40, "fields": {"structure": "child", "is_public": true, "upc": "92b6751f-8369-488c-9887-cb6b74172146", "parent": 39, "title": "Wholesale - 100ct", "slug": "dehydrated-orange-petal-cocktail-garnish-wholesale-100ct", "description": "", "product_class": null, "rating": null, "date_created": "2022-02-18T12:35:54.230Z", "date_updated": "2022-02-18T12:35:54.230Z", "is_discountable": true, "length": 6.0, "width": 2.0, "height": 9.0, "weight": 1.1, "meta_description": null, "meta_title": null, "_order": 0, "product_options": []}}, {"model": "catalogue.product", "pk": 41, "fields": {"structure": "child", "is_public": true, "upc": "f3ecafe4-10a8-4575-98e4-845ab096cd08", "parent": 39, "title": "7ct", "slug": "dehydrated-orange-petal-cocktail-garnish-7ct", "description": "", "product_class": null, "rating": null, "date_created": "2022-02-18T12:35:54.230Z", "date_updated": "2022-02-18T12:35:54.230Z", "is_discountable": true, "length": 6.0, "width": 1.0, "height": 6.0, "weight": 0.09, "meta_description": null, "meta_title": null, "_order": 1, "product_options": []}}, {"model": "catalogue.product", "pk": 42, "fields": {"structure": "child", "is_public": true, "upc": "505c17b9-814c-4124-8626-9f0d628203d0", "parent": 39, "title": "Small Jar - 35ct", "slug": "dehydrated-orange-petal-cocktail-garnish-smalljar-35ct", "description": "", "product_class": null, "rating": null, "date_created": "2022-02-18T12:35:54.230Z", "date_updated": "2022-02-18T12:35:54.230Z", "is_discountable": true, "length": 3.75, "width": 3.75, "height": 7.0, "weight": 1.2, "meta_description": null, "meta_title": null, "_order": 2, "product_options": []}}, {"model": "catalogue.product", "pk": 43, "fields": {"structure": "parent", "is_public": true, "upc": "5f7548970121d07afb8db8a3", "parent": null, "title": "Blood Orange - Petals", "slug": "dehydrated-blood-orange-petal-cocktail-garnish", "description": "In preparing citrus for slicing, we cut off the ends. In the spirit of letting nothing go to waste, we discovered the perfect sized garnish for smaller cocktail glasses, like the classic Nick & Nora. When dehydrated, these resemble dried flower petals, and make wonderful finishes to an egg white cocktail, punch bowl, or tea cup presentation. While they are small, they still pack in all the aromatics of the citrus. \n", "product_class": 1, "rating": null, "date_created": "2022-02-18T12:35:54.231Z", "date_updated": "2022-02-19T16:01:29.592Z", "is_discountable": true, "length": null, "width": null, "height": null, "weight": null, "meta_description": "In preparing citrus for slicing, we cut off the ends. In the spirit of letting nothing go to waste, we discovered the perfect sized garnish for smaller cocktail glasses, like the classic Nick & Nora. When dehydrated, these resemble dried flower petals, and make wonderful finishes to an egg white cocktail, punch bowl, or tea cup presentation. While they are small, they still pack in all the aromatics of the citrus. \n", "meta_title": "Blood Orange - Petals", "_order": 9, "product_options": []}}, {"model": "catalogue.product", "pk": 44, "fields": {"structure": "child", "is_public": true, "upc": "f88f31ed-dd5c-4619-a797-933f27c3f1d1", "parent": 43, "title": "Pouch - 6ct", "slug": "dehydrated-blood-orange-petal-cocktail-garnish-pouch-6ct", "description": "", "product_class": null, "rating": null, "date_created": "2022-02-18T12:35:54.231Z", "date_updated": "2022-02-18T12:35:54.231Z", "is_discountable": true, "length": 6.0, "width": 1.0, "height": 6.0, "weight": 0.09, "meta_description": null, "meta_title": null, "_order": 0, "product_options": []}}, {"model": "catalogue.product", "pk": 45, "fields": {"structure": "child", "is_public": true, "upc": "1c5b25de-3acd-4da9-a8ce-fb15526e104b", "parent": 43, "title": "Small Jar - 35ct", "slug": "dehydrated-blood-orange-petal-cocktail-garnish-smalljar-35ct", "description": "", "product_class": null, "rating": null, "date_created": "2022-02-18T12:35:54.231Z", "date_updated": "2022-02-18T12:35:54.231Z", "is_discountable": true, "length": 4.0, "width": 4.0, "height": 4.0, "weight": 1.2, "meta_description": null, "meta_title": null, "_order": 1, "product_options": []}}, {"model": "catalogue.product", "pk": 46, "fields": {"structure": "parent", "is_public": true, "upc": "5f754a610df493541c586bef", "parent": null, "title": "Lemon - Petals", "slug": "dehydrated-lemon-petal-cocktail-garnish", "description": "In preparing citrus for slicing, we cut off the ends. In the spirit of letting nothing go to waste, we discovered the perfect sized garnish for smaller cocktail glasses, like the classic Nick & Nora. When dehydrated, these resemble dried flower petals, and make wonderful finishes to an egg white cocktail, punch bowl, or tea cup presentation. While they are small, they still pack in all the aromatics of the citrus. \n", "product_class": 1, "rating": null, "date_created": "2022-02-18T12:35:54.231Z", "date_updated": "2022-02-19T16:01:29.602Z", "is_discountable": true, "length": null, "width": null, "height": null, "weight": null, "meta_description": "In preparing citrus for slicing, we cut off the ends. In the spirit of letting nothing go to waste, we discovered the perfect sized garnish for smaller cocktail glasses, like the classic Nick & Nora. When dehydrated, these resemble dried flower petals, and make wonderful finishes to an egg white cocktail, punch bowl, or tea cup presentation. While they are small, they still pack in all the aromatics of the citrus. \n", "meta_title": "Lemon - Petals", "_order": 10, "product_options": []}}, {"model": "catalogue.product", "pk": 47, "fields": {"structure": "child", "is_public": true, "upc": "3dbd709b-5a06-46d3-8288-9ac2ac58d292", "parent": 46, "title": "Pouch - 10ct", "slug": "dehydrated-lemon-petal-cocktail-garnish-pouch-10ct", "description": "", "product_class": null, "rating": null, "date_created": "2022-02-18T12:35:54.231Z", "date_updated": "2022-02-18T12:35:54.231Z", "is_discountable": true, "length": 6.0, "width": 1.0, "height": 6.0, "weight": 0.09, "meta_description": null, "meta_title": null, "_order": 0, "product_options": []}}, {"model": "catalogue.product", "pk": 48, "fields": {"structure": "child", "is_public": true, "upc": "d0a03c09-a341-4777-8e5e-7444a115f782", "parent": 46, "title": "Small Jar - 100ct", "slug": "dehydrated-lemon-petal-cocktail-garnish-smalljar-100ct", "description": "", "product_class": null, "rating": null, "date_created": "2022-02-18T12:35:54.231Z", "date_updated": "2022-02-18T12:35:54.231Z", "is_discountable": true, "length": 3.75, "width": 3.75, "height": 3.75, "weight": 1.2, "meta_description": null, "meta_title": null, "_order": 1, "product_options": []}}, {"model": "catalogue.product", "pk": 49, "fields": {"structure": "parent", "is_public": true, "upc": "5f754b4b0373414277ab927f", "parent": null, "title": "Lime - Petals", "slug": "dehydrated-lime-petal-cocktail-garnish", "description": "In preparing citrus for slicing, we cut off the ends. In the spirit of letting nothing go to waste, we discovered the perfect sized garnish for smaller cocktail glasses, like the classic Nick & Nora. When dehydrated, these resemble dried flower petals, and make wonderful finishes to an egg white cocktail, punch bowl, or tea cup presentation. While they are small, they still pack in all the aromatics of the citrus. \n", "product_class": 1, "rating": null, "date_created": "2022-02-18T12:35:54.231Z", "date_updated": "2022-02-19T16:01:29.611Z", "is_discountable": true, "length": null, "width": null, "height": null, "weight": null, "meta_description": "In preparing citrus for slicing, we cut off the ends. In the spirit of letting nothing go to waste, we discovered the perfect sized garnish for smaller cocktail glasses, like the classic Nick & Nora. When dehydrated, these resemble dried flower petals, and make wonderful finishes to an egg white cocktail, punch bowl, or tea cup presentation. While they are small, they still pack in all the aromatics of the citrus. \n", "meta_title": "Lime - Petals", "_order": 11, "product_options": []}}, {"model": "catalogue.product", "pk": 50, "fields": {"structure": "child", "is_public": true, "upc": "7f58dff9-9e9f-44a9-8625-b11f8d47d902", "parent": 49, "title": "12ct", "slug": "dehydrated-lime-petal-cocktail-garnish-12ct", "description": "", "product_class": null, "rating": null, "date_created": "2022-02-18T12:35:54.231Z", "date_updated": "2022-02-18T12:35:54.231Z", "is_discountable": true, "length": 6.0, "width": 1.0, "height": 6.0, "weight": 0.09, "meta_description": null, "meta_title": null, "_order": 0, "product_options": []}}, {"model": "catalogue.product", "pk": 51, "fields": {"structure": "child", "is_public": true, "upc": "e5db3bfe-6775-41f9-80fb-5c363af7f7e4", "parent": 49, "title": "Small Jar - 100ct", "slug": "dehydrated-lime-petal-cocktail-garnish-smalljar-100ct", "description": "", "product_class": null, "rating": null, "date_created": "2022-02-18T12:35:54.231Z", "date_updated": "2022-02-18T12:35:54.231Z", "is_discountable": true, "length": 4.0, "width": 4.0, "height": 4.0, "weight": 1.2, "meta_description": null, "meta_title": null, "_order": 1, "product_options": []}}, {"model": "catalogue.product", "pk": 52, "fields": {"structure": "parent", "is_public": true, "upc": "5f754db6883c6055aa0bb109", "parent": null, "title": "Pineapple - Half Moons", "slug": "half-moon-dehydrated-pineapple-cocktail-garnish", "description": "Pineapple is the quintessential tropical flavor. These half-moon slices will bring that touch of tiki to every cocktail.", "product_class": 1, "rating": null, "date_created": "2022-02-18T12:35:54.231Z", "date_updated": "2022-02-19T16:01:29.623Z", "is_discountable": true, "length": null, "width": null, "height": null, "weight": null, "meta_description": "Pineapple is the quintessential tropical flavor. These half-moon slices will bring that touch of tiki to every cocktail.", "meta_title": "Pineapple - Half Moons", "_order": 12, "product_options": []}}, {"model": "catalogue.product", "pk": 53, "fields": {"structure": "child", "is_public": true, "upc": "3a62922b-ef89-4df7-9bcc-dd11a905ffde", "parent": 52, "title": "Pouch - 6ct", "slug": "half-moon-dehydrated-pineapple-cocktail-garnish-pouch-6ct", "description": "", "product_class": null, "rating": null, "date_created": "2022-02-18T12:35:54.232Z", "date_updated": "2022-02-18T12:35:54.232Z", "is_discountable": true, "length": 6.0, "width": 1.0, "height": 6.0, "weight": 0.05, "meta_description": null, "meta_title": null, "_order": 0, "product_options": []}}, {"model": "catalogue.product", "pk": 54, "fields": {"structure": "child", "is_public": true, "upc": "6f9af528-c726-4168-be9e-94f03954988b", "parent": 52, "title": "Glass Jar - 40ct", "slug": "half-moon-dehydrated-pineapple-cocktail-garnish-glassjar-40ct", "description": "", "product_class": null, "rating": null, "date_created": "2022-02-18T12:35:54.232Z", "date_updated": "2022-02-18T12:35:54.232Z", "is_discountable": true, "length": 3.75, "width": 3.75, "height": 7.0, "weight": 1.5, "meta_description": null, "meta_title": null, "_order": 1, "product_options": []}}, {"model": "catalogue.product", "pk": 55, "fields": {"structure": "child", "is_public": true, "upc": "3af92eba-b9bc-423e-a0a3-cdf2e6085c67", "parent": 52, "title": "Wholesale - 275ct", "slug": "half-moon-dehydrated-pineapple-cocktail-garnish-wholesale-275ct", "description": "", "product_class": null, "rating": null, "date_created": "2022-02-18T12:35:54.232Z", "date_updated": "2022-02-18T12:35:54.232Z", "is_discountable": true, "length": 9.0, "width": 4.0, "height": 13.0, "weight": 1.75, "meta_description": null, "meta_title": null, "_order": 2, "product_options": []}}, {"model": "catalogue.product", "pk": 56, "fields": {"structure": "parent", "is_public": true, "upc": "5f755020167d56560cdd4066", "parent": null, "title": "Pineapple - Full Cuts", "slug": "full-cut-dehydrated-pineapple-cocktail-garnish", "description": "Pineapple is the quintessential tropical flavor. These full-cut slices will bring that touch of tiki to every cocktail.", "product_class": 1, "rating": null, "date_created": "2022-02-18T12:35:54.232Z", "date_updated": "2022-02-19T16:01:29.635Z", "is_discountable": true, "length": null, "width": null, "height": null, "weight": null, "meta_description": "Pineapple is the quintessential tropical flavor. These full-cut slices will bring that touch of tiki to every cocktail.", "meta_title": "Pineapple - Full Cuts", "_order": 13, "product_options": []}}, {"model": "catalogue.product", "pk": 57, "fields": {"structure": "child", "is_public": true, "upc": "78c3faf9-b60f-43dd-a1ef-f2f037d11f07", "parent": 56, "title": "Pouch - 2ct", "slug": "full-cut-dehydrated-pineapple-cocktail-garnish-pouch-2ct", "description": "", "product_class": null, "rating": null, "date_created": "2022-02-18T12:35:54.232Z", "date_updated": "2022-02-18T12:35:54.232Z", "is_discountable": true, "length": 6.0, "width": 1.0, "height": 5.0, "weight": 0.2, "meta_description": null, "meta_title": null, "_order": 0, "product_options": []}}, {"model": "catalogue.product", "pk": 58, "fields": {"structure": "child", "is_public": true, "upc": "e6c5126b-0294-4780-8af0-eccb6536ea49", "parent": 56, "title": "Glass Jar - 20ct", "slug": "full-cut-dehydrated-pineapple-cocktail-garnish-glassjar-20ct", "description": "", "product_class": null, "rating": null, "date_created": "2022-02-18T12:35:54.232Z", "date_updated": "2022-02-18T12:35:54.232Z", "is_discountable": true, "length": 3.75, "width": 3.75, "height": 7.0, "weight": 1.5, "meta_description": null, "meta_title": null, "_order": 1, "product_options": []}}, {"model": "catalogue.product", "pk": 59, "fields": {"structure": "parent", "is_public": true, "upc": "5fcdb8832bc7884852d3b89b", "parent": null, "title": "Apple", "slug": "dehydrated-apple-cocktail-garnish", "description": "Apples, a seasonal favorite", "product_class": 1, "rating": null, "date_created": "2022-02-18T12:35:54.232Z", "date_updated": "2022-02-19T16:01:29.648Z", "is_discountable": true, "length": null, "width": null, "height": null, "weight": null, "meta_description": "Apples, a seasonal favorite", "meta_title": "Apple", "_order": 14, "product_options": []}}, {"model": "catalogue.product", "pk": 60, "fields": {"structure": "child", "is_public": true, "upc": "48e946ae-d9dc-4499-9030-daf053e9acf2", "parent": 59, "title": "Pouch - 6ct", "slug": "dehydrated-apple-cocktail-garnish-pouch-6ct", "description": "", "product_class": null, "rating": null, "date_created": "2022-02-18T12:35:54.232Z", "date_updated": "2022-02-18T12:35:54.232Z", "is_discountable": true, "length": 6.0, "width": 1.0, "height": 6.0, "weight": 0.05, "meta_description": null, "meta_title": null, "_order": 0, "product_options": []}}, {"model": "catalogue.product", "pk": 61, "fields": {"structure": "child", "is_public": true, "upc": "d97c2260-1245-4bee-918c-a8866db64522", "parent": 59, "title": "Small Jar - 35ct", "slug": "dehydrated-apple-cocktail-garnish-smalljar-35ct", "description": "", "product_class": null, "rating": null, "date_created": "2022-02-18T12:35:54.232Z", "date_updated": "2022-02-18T12:35:54.232Z", "is_discountable": true, "length": 4.0, "width": 4.0, "height": 4.0, "weight": 1.4, "meta_description": null, "meta_title": null, "_order": 1, "product_options": []}}, {"model": "catalogue.product", "pk": 62, "fields": {"structure": "child", "is_public": true, "upc": "ddbc94fa-66d0-4ad6-b7bb-b2593fa401bf", "parent": 59, "title": "Large Jar - 70ct", "slug": "dehydrated-apple-cocktail-garnish-largejar-70ct", "description": "", "product_class": null, "rating": null, "date_created": "2022-02-18T12:35:54.233Z", "date_updated": "2022-02-18T12:35:54.233Z", "is_discountable": true, "length": 3.75, "width": 3.75, "height": 7.0, "weight": 1.4, "meta_description": null, "meta_title": null, "_order": 2, "product_options": []}}, {"model": "catalogue.product", "pk": 63, "fields": {"structure": "child", "is_public": true, "upc": "15bd6d1b-8dd5-466e-8fe0-c50a100a35e8", "parent": 59, "title": "Wholesale - 250ct", "slug": "dehydrated-apple-cocktail-garnish-wholesale-250ct", "description": "", "product_class": null, "rating": null, "date_created": "2022-02-18T12:35:54.233Z", "date_updated": "2022-02-18T12:35:54.233Z", "is_discountable": true, "length": 9.0, "width": 4.0, "height": 13.0, "weight": 1.75, "meta_description": null, "meta_title": null, "_order": 3, "product_options": []}}, {"model": "catalogue.product", "pk": 64, "fields": {"structure": "parent", "is_public": true, "upc": "5fcdb982a87f9f1b19f8564a", "parent": null, "title": "Pear", "slug": "dehydrated-pear-cocktail-garnish", "description": "Dehydrated pear slices perfect to accent a bar or restaurant drink menu with artisanal style and timeless appeal.", "product_class": 1, "rating": null, "date_created": "2022-02-18T12:35:54.233Z", "date_updated": "2022-02-19T16:01:29.658Z", "is_discountable": true, "length": null, "width": null, "height": null, "weight": null, "meta_description": "Dehydrated pear slices perfect to accent a bar or restaurant drink menu with artisanal style and timeless appeal.", "meta_title": "Pear", "_order": 15, "product_options": []}}, {"model": "catalogue.product", "pk": 65, "fields": {"structure": "child", "is_public": true, "upc": "92731f08-3ed1-40e2-a3eb-88c53f985925", "parent": 64, "title": "Pouch - 7ct", "slug": "dehydrated-pear-cocktail-garnish-pouch-7ct", "description": "", "product_class": null, "rating": null, "date_created": "2022-02-18T12:35:54.233Z", "date_updated": "2022-02-18T12:35:54.233Z", "is_discountable": true, "length": 6.0, "width": 1.0, "height": 6.0, "weight": 0.05, "meta_description": null, "meta_title": null, "_order": 0, "product_options": []}}, {"model": "catalogue.product", "pk": 66, "fields": {"structure": "child", "is_public": true, "upc": "cacb00d5-3451-4b5c-b575-9bb402101b2f", "parent": 64, "title": "Small Jar - 35ct", "slug": "dehydrated-pear-cocktail-garnish-smalljar-35ct", "description": "", "product_class": null, "rating": null, "date_created": "2022-02-18T12:35:54.233Z", "date_updated": "2022-02-18T12:35:54.233Z", "is_discountable": true, "length": 4.0, "width": 4.0, "height": 4.0, "weight": 1.4, "meta_description": null, "meta_title": null, "_order": 1, "product_options": []}}, {"model": "catalogue.product", "pk": 67, "fields": {"structure": "child", "is_public": true, "upc": "2702ecd3-d97f-4fa0-8ba7-4cec892b5b9b", "parent": 64, "title": "Glass Jar - 70ct", "slug": "dehydrated-pear-cocktail-garnish-glassjar-70ct", "description": "", "product_class": null, "rating": null, "date_created": "2022-02-18T12:35:54.233Z", "date_updated": "2022-02-18T12:35:54.233Z", "is_discountable": true, "length": 3.75, "width": 3.75, "height": 7.0, "weight": 1.4, "meta_description": null, "meta_title": null, "_order": 2, "product_options": []}}, {"model": "catalogue.product", "pk": 68, "fields": {"structure": "child", "is_public": true, "upc": "efea66ca-aedd-467e-933c-bbc016feb250", "parent": 64, "title": "Wholesale - 425ct", "slug": "dehydrated-pear-cocktail-garnish-wholesale-425ct", "description": "", "product_class": null, "rating": null, "date_created": "2022-02-18T12:35:54.233Z", "date_updated": "2022-02-18T12:35:54.233Z", "is_discountable": true, "length": 12.0, "width": 9.0, "height": 5.0, "weight": 1.8, "meta_description": null, "meta_title": null, "_order": 3, "product_options": []}}, {"model": "catalogue.product", "pk": 69, "fields": {"structure": "parent", "is_public": true, "upc": "5fcdb9d8662d5e24e0c16bc6", "parent": null, "title": "Figs", "slug": "dehydrated-fig-cocktail-garnish", "description": "Figs, a seasonal favorite", "product_class": 1, "rating": null, "date_created": "2022-02-18T12:35:54.233Z", "date_updated": "2022-02-19T16:01:29.667Z", "is_discountable": true, "length": null, "width": null, "height": null, "weight": null, "meta_description": "Figs, a seasonal favorite", "meta_title": "Figs", "_order": 16, "product_options": []}}, {"model": "catalogue.product", "pk": 70, "fields": {"structure": "child", "is_public": true, "upc": "4b95dbdf-bce0-4bb5-9b9a-a57b84ab3ca9", "parent": 69, "title": "Pouch - 5ct", "slug": "dehydrated-fig-cocktail-garnish-pouch-5ct", "description": "", "product_class": null, "rating": null, "date_created": "2022-02-18T12:35:54.233Z", "date_updated": "2022-02-18T12:35:54.233Z", "is_discountable": true, "length": 6.0, "width": 1.0, "height": 6.0, "weight": 0.05, "meta_description": null, "meta_title": null, "_order": 0, "product_options": []}}, {"model": "catalogue.product", "pk": 71, "fields": {"structure": "child", "is_public": true, "upc": "01ee0add-982e-4be4-85ba-5f8caa08aa1d", "parent": 69, "title": "Small Jar - 30ct", "slug": "dehydrated-fig-cocktail-garnish-smalljar-30ct", "description": "", "product_class": null, "rating": null, "date_created": "2022-02-18T12:35:54.234Z", "date_updated": "2022-02-18T12:35:54.234Z", "is_discountable": true, "length": 8.0, "width": 3.0, "height": 11.0, "weight": 0.5, "meta_description": null, "meta_title": null, "_order": 1, "product_options": []}}, {"model": "catalogue.product", "pk": 72, "fields": {"structure": "parent", "is_public": true, "upc": "5fcdbabda87f9f1b19f875b8", "parent": null, "title": "Grapefruit", "slug": "dehydrated-grapefruit-cocktail-garnish", "description": "Dehydrated grapefruit, a timeless classic", "product_class": 1, "rating": null, "date_created": "2022-02-18T12:35:54.234Z", "date_updated": "2022-02-18T12:35:54.234Z", "is_discountable": true, "length": null, "width": null, "height": null, "weight": null, "meta_description": null, "meta_title": null, "_order": 17, "product_options": []}}, {"model": "catalogue.product", "pk": 73, "fields": {"structure": "child", "is_public": true, "upc": "cc333b8e-c396-45eb-a4a3-94f1c51c6a3c", "parent": 72, "title": "Pouch - 4ct", "slug": "dehydrated-grapefruit-cocktail-garnish-pouch-4ct", "description": "", "product_class": null, "rating": null, "date_created": "2022-02-18T12:35:54.234Z", "date_updated": "2022-02-18T12:35:54.234Z", "is_discountable": true, "length": 6.0, "width": 1.0, "height": 6.0, "weight": 0.05, "meta_description": null, "meta_title": null, "_order": 0, "product_options": []}}, {"model": "catalogue.product", "pk": 74, "fields": {"structure": "child", "is_public": true, "upc": "7e502002-70a5-4ca7-8172-b320628870fc", "parent": 72, "title": "Small Jar - 20ct", "slug": "dehydrated-grapefruit-cocktail-garnish-smalljar-20ct", "description": "", "product_class": null, "rating": null, "date_created": "2022-02-18T12:35:54.234Z", "date_updated": "2022-02-18T12:35:54.234Z", "is_discountable": true, "length": 4.0, "width": 44.0, "height": 4.0, "weight": 1.4, "meta_description": null, "meta_title": null, "_order": 1, "product_options": []}}, {"model": "catalogue.product", "pk": 75, "fields": {"structure": "child", "is_public": true, "upc": "3b1c007f-0bc3-4745-9ec9-d2f5ecf872a2", "parent": 72, "title": "Large Jar - 45ct", "slug": "dehydrated-grapefruit-cocktail-garnish-largejar-45ct", "description": "", "product_class": null, "rating": null, "date_created": "2022-02-18T12:35:54.234Z", "date_updated": "2022-02-18T12:35:54.234Z", "is_discountable": true, "length": 3.75, "width": 3.75, "height": 7.0, "weight": 1.5, "meta_description": null, "meta_title": null, "_order": 2, "product_options": []}}, {"model": "catalogue.product", "pk": 76, "fields": {"structure": "child", "is_public": true, "upc": "ff613dbb-b04e-412c-8f92-1414819a4ee4", "parent": 72, "title": "Wholesale - 250ct", "slug": "dehydrated-grapefruit-cocktail-garnish-wholesale-250ct", "description": "", "product_class": null, "rating": null, "date_created": "2022-02-18T12:35:54.234Z", "date_updated": "2022-02-18T12:35:54.234Z", "is_discountable": true, "length": 9.0, "width": 4.0, "height": 13.0, "weight": 1.75, "meta_description": null, "meta_title": null, "_order": 3, "product_options": []}}, {"model": "catalogue.product", "pk": 77, "fields": {"structure": "parent", "is_public": true, "upc": "5fcdbb98c836a917f92c570a", "parent": null, "title": "Lotus Root", "slug": "dehydrated-lotus-root-cocktail-garnish", "description": "Dehydrated lotus root, for an exotic touch", "product_class": 1, "rating": null, "date_created": "2022-02-18T12:35:54.234Z", "date_updated": "2022-02-19T16:01:29.679Z", "is_discountable": true, "length": null, "width": null, "height": null, "weight": null, "meta_description": "Dehydrated lotus root, for an exotic touch", "meta_title": "Lotus Root", "_order": 18, "product_options": []}}, {"model": "catalogue.product", "pk": 78, "fields": {"structure": "child", "is_public": true, "upc": "57d52136-9d51-47ba-9a66-24cecc08dc82", "parent": 77, "title": "Pouch - 6ct", "slug": "dehydrated-lotus-root-cocktail-garnish-pouch-6ct", "description": "", "product_class": null, "rating": null, "date_created": "2022-02-18T12:35:54.234Z", "date_updated": "2022-02-18T12:35:54.234Z", "is_discountable": true, "length": 6.0, "width": 1.0, "height": 6.0, "weight": 0.05, "meta_description": null, "meta_title": null, "_order": 0, "product_options": []}}, {"model": "catalogue.product", "pk": 79, "fields": {"structure": "child", "is_public": true, "upc": "2b8a7e6e-f103-4279-b2cc-47b519c2bc9e", "parent": 77, "title": "Large Jar - 75ct", "slug": "dehydrated-lotus-root-cocktail-garnish-largejar-75ct", "description": "", "product_class": null, "rating": null, "date_created": "2022-02-18T12:35:54.235Z", "date_updated": "2022-02-18T12:35:54.235Z", "is_discountable": true, "length": 3.75, "width": 3.75, "height": 7.0, "weight": 1.5, "meta_description": null, "meta_title": null, "_order": 1, "product_options": []}}, {"model": "catalogue.product", "pk": 80, "fields": {"structure": "child", "is_public": true, "upc": "c2ee6797-2e61-4251-a195-5e3f5b5f1beb", "parent": 77, "title": "Small Jar - 35ct", "slug": "dehydrated-lotus-root-cocktail-garnish-smalljar-35ct", "description": "", "product_class": null, "rating": null, "date_created": "2022-02-18T12:35:54.235Z", "date_updated": "2022-02-18T12:35:54.235Z", "is_discountable": true, "length": 4.0, "width": 4.0, "height": 4.0, "weight": 1.4, "meta_description": null, "meta_title": null, "_order": 2, "product_options": []}}, {"model": "catalogue.product", "pk": 81, "fields": {"structure": "child", "is_public": true, "upc": "28124bcf-7bf3-47ba-8281-d37ba1dd653d", "parent": 77, "title": "Wholesale - 250ct", "slug": "dehydrated-lotus-root-cocktail-garnish-wholesale-250ct", "description": "", "product_class": null, "rating": null, "date_created": "2022-02-18T12:35:54.235Z", "date_updated": "2022-02-18T12:35:54.235Z", "is_discountable": true, "length": 9.0, "width": 4.0, "height": 13.0, "weight": 1.75, "meta_description": null, "meta_title": null, "_order": 3, "product_options": []}}, {"model": "catalogue.product", "pk": 82, "fields": {"structure": "parent", "is_public": true, "upc": "5fcdbbf10ab5d62feb11d8eb", "parent": null, "title": "Persimmon", "slug": "dehydrated-persimmon-cocktail-garnish", "description": "Dehydrated persimmon, a seasonal favorite", "product_class": 1, "rating": null, "date_created": "2022-02-18T12:35:54.235Z", "date_updated": "2022-02-19T16:01:29.691Z", "is_discountable": true, "length": null, "width": null, "height": null, "weight": null, "meta_description": "Dehydrated persimmon, a seasonal favorite", "meta_title": "Persimmon", "_order": 19, "product_options": []}}, {"model": "catalogue.product", "pk": 83, "fields": {"structure": "child", "is_public": true, "upc": "5cdbf8cc-11c2-4f50-ae53-ed71ee22ee6a", "parent": 82, "title": "Pouch - 4ct", "slug": "dehydrated-persimmon-cocktail-garnish-pouch-4ct", "description": "", "product_class": null, "rating": null, "date_created": "2022-02-18T12:35:54.235Z", "date_updated": "2022-02-18T12:35:54.235Z", "is_discountable": true, "length": 6.0, "width": 1.0, "height": 6.0, "weight": 0.05, "meta_description": null, "meta_title": null, "_order": 0, "product_options": []}}, {"model": "catalogue.product", "pk": 84, "fields": {"structure": "child", "is_public": true, "upc": "64e01a1b-1311-4809-a412-4c764352a741", "parent": 82, "title": "Small Jar - 25ct", "slug": "dehydrated-persimmon-cocktail-garnish-smalljar-25ct", "description": "", "product_class": null, "rating": null, "date_created": "2022-02-18T12:35:54.235Z", "date_updated": "2022-02-18T12:35:54.235Z", "is_discountable": true, "length": 4.0, "width": 4.0, "height": 4.0, "weight": 1.4, "meta_description": null, "meta_title": null, "_order": 1, "product_options": []}}, {"model": "catalogue.product", "pk": 85, "fields": {"structure": "child", "is_public": true, "upc": "d3985238-bcb6-43ce-a4d7-12ed6632ebb9", "parent": 82, "title": "Large Jar - 50ct", "slug": "dehydrated-persimmon-cocktail-garnish-largejar-50ct", "description": "", "product_class": null, "rating": null, "date_created": "2022-02-18T12:35:54.235Z", "date_updated": "2022-02-18T12:35:54.235Z", "is_discountable": true, "length": 3.75, "width": 3.75, "height": 7.0, "weight": 1.5, "meta_description": null, "meta_title": null, "_order": 2, "product_options": []}}, {"model": "catalogue.product", "pk": 86, "fields": {"structure": "parent", "is_public": true, "upc": "5fcdbe64fe657040d5b13ee5", "parent": null, "title": "Kiwifruit", "slug": "dehydrated-kiwifruit-cocktail-garnish", "description": "Dehydrated kiwi, an exotic fruit", "product_class": 1, "rating": null, "date_created": "2022-02-18T12:35:54.236Z", "date_updated": "2022-02-19T16:01:29.701Z", "is_discountable": true, "length": null, "width": null, "height": null, "weight": null, "meta_description": "Dehydrated kiwi, an exotic fruit", "meta_title": "Kiwifruit", "_order": 20, "product_options": []}}, {"model": "catalogue.product", "pk": 87, "fields": {"structure": "child", "is_public": true, "upc": "3066bb84-3e1f-49a2-9ce1-87bddf8f6ba5", "parent": 86, "title": "Pouch - 6ct", "slug": "dehydrated-kiwifruit-cocktail-garnish-pouch-6ct", "description": "", "product_class": null, "rating": null, "date_created": "2022-02-18T12:35:54.236Z", "date_updated": "2022-02-18T12:35:54.236Z", "is_discountable": true, "length": 6.0, "width": 1.0, "height": 6.0, "weight": 0.05, "meta_description": null, "meta_title": null, "_order": 0, "product_options": []}}, {"model": "catalogue.product", "pk": 88, "fields": {"structure": "child", "is_public": true, "upc": "afa61969-d243-4d3f-bb2c-cb84b68b5bd2", "parent": 86, "title": "Small Jar - 35ct", "slug": "dehydrated-kiwifruit-cocktail-garnish-smalljar-35ct", "description": "", "product_class": null, "rating": null, "date_created": "2022-02-18T12:35:54.236Z", "date_updated": "2022-02-18T12:35:54.236Z", "is_discountable": true, "length": 4.0, "width": 4.0, "height": 4.0, "weight": 1.4, "meta_description": null, "meta_title": null, "_order": 1, "product_options": []}}, {"model": "catalogue.product", "pk": 89, "fields": {"structure": "child", "is_public": true, "upc": "4aa25dbb-f2bf-4208-adb0-0ce6060a2918", "parent": 86, "title": "Large Jar - 70ct", "slug": "dehydrated-kiwifruit-cocktail-garnish-largejar-70ct", "description": "", "product_class": null, "rating": null, "date_created": "2022-02-18T12:35:54.236Z", "date_updated": "2022-02-18T12:35:54.236Z", "is_discountable": true, "length": 3.75, "width": 3.75, "height": 3.75, "weight": 1.15, "meta_description": null, "meta_title": null, "_order": 2, "product_options": []}}, {"model": "catalogue.product", "pk": 90, "fields": {"structure": "parent", "is_public": true, "upc": "5fcdbf040ab5d62feb1234cc", "parent": null, "title": "Star Fruit", "slug": "dehydrated-star-fruit-cocktail-garnish", "description": "Dehydrated star fruit, for an exotic touch", "product_class": 1, "rating": null, "date_created": "2022-02-18T12:35:54.236Z", "date_updated": "2022-02-19T16:01:29.711Z", "is_discountable": true, "length": null, "width": null, "height": null, "weight": null, "meta_description": "Dehydrated star fruit, for an exotic touch", "meta_title": "Star Fruit", "_order": 21, "product_options": []}}, {"model": "catalogue.product", "pk": 91, "fields": {"structure": "child", "is_public": true, "upc": "c0bb0649-2926-46f3-a41d-6cc1ffea9712", "parent": 90, "title": "Pouch - 8ct", "slug": "dehydrated-star-fruit-cocktail-garnish-pouch-8ct", "description": "", "product_class": null, "rating": null, "date_created": "2022-02-18T12:35:54.236Z", "date_updated": "2022-02-18T12:35:54.236Z", "is_discountable": true, "length": 6.0, "width": 1.0, "height": 6.0, "weight": 0.05, "meta_description": null, "meta_title": null, "_order": 0, "product_options": []}}, {"model": "catalogue.product", "pk": 92, "fields": {"structure": "child", "is_public": true, "upc": "30698d91-b8aa-43da-902b-8a2807bd6c8f", "parent": 90, "title": "Glass Jar - 75", "slug": "dehydrated-star-fruit-cocktail-garnish-glassjar-75", "description": "", "product_class": null, "rating": null, "date_created": "2022-02-18T12:35:54.236Z", "date_updated": "2022-02-18T12:35:54.236Z", "is_discountable": true, "length": 3.75, "width": 3.75, "height": 3.75, "weight": 1.2, "meta_description": null, "meta_title": null, "_order": 1, "product_options": []}}, {"model": "catalogue.product", "pk": 93, "fields": {"structure": "child", "is_public": true, "upc": "c85e85c1-d2ab-4294-9d9b-677acde899d6", "parent": 90, "title": "Large Jar - 150ct", "slug": "dehydrated-star-fruit-cocktail-garnish-largejar-150ct", "description": "", "product_class": null, "rating": null, "date_created": "2022-02-18T12:35:54.237Z", "date_updated": "2022-02-18T12:35:54.237Z", "is_discountable": true, "length": 9.0, "width": 4.0, "height": 13.0, "weight": 1.75, "meta_description": null, "meta_title": null, "_order": 2, "product_options": []}}, {"model": "catalogue.product", "pk": 94, "fields": {"structure": "parent", "is_public": true, "upc": "5fcdbfb9a87f9f1b19f8da9e", "parent": null, "title": "Dragon Fruit - White", "slug": "dehydrated-white-dragon-fruit-cocktail-garnish", "description": "Dragon Fruit, for an exotic touch", "product_class": 1, "rating": null, "date_created": "2022-02-18T12:35:54.237Z", "date_updated": "2022-02-19T16:01:29.722Z", "is_discountable": true, "length": null, "width": null, "height": null, "weight": null, "meta_description": "Dragon Fruit, for an exotic touch", "meta_title": "Dragon Fruit - White", "_order": 22, "product_options": []}}, {"model": "catalogue.product", "pk": 95, "fields": {"structure": "child", "is_public": true, "upc": "6ab30304-1967-4c23-9d97-17bcef5f1212", "parent": 94, "title": "Pouch - 4ct", "slug": "dehydrated-white-dragon-fruit-cocktail-garnish-pouch-4ct", "description": "", "product_class": null, "rating": null, "date_created": "2022-02-18T12:35:54.237Z", "date_updated": "2022-02-18T12:35:54.237Z", "is_discountable": true, "length": 6.0, "width": 1.0, "height": 6.0, "weight": 0.05, "meta_description": null, "meta_title": null, "_order": 0, "product_options": []}}, {"model": "catalogue.product", "pk": 96, "fields": {"structure": "child", "is_public": true, "upc": "17da879d-b3f1-4649-8a7d-31bb6bfe5a69", "parent": 94, "title": "Small Jar - 25ct", "slug": "dehydrated-white-dragon-fruit-cocktail-garnish-smalljar-25ct", "description": "", "product_class": null, "rating": null, "date_created": "2022-02-18T12:35:54.237Z", "date_updated": "2022-02-18T12:35:54.237Z", "is_discountable": true, "length": 4.0, "width": 4.0, "height": 4.0, "weight": 1.4, "meta_description": null, "meta_title": null, "_order": 1, "product_options": []}}, {"model": "catalogue.product", "pk": 97, "fields": {"structure": "child", "is_public": true, "upc": "8ec06c9a-6402-4fe8-bd17-7b5f1db178c7", "parent": 94, "title": "Large Jar - 50ct", "slug": "dehydrated-white-dragon-fruit-cocktail-garnish-largejar-50ct", "description": "", "product_class": null, "rating": null, "date_created": "2022-02-18T12:35:54.237Z", "date_updated": "2022-02-18T12:35:54.237Z", "is_discountable": true, "length": 3.75, "width": 3.75, "height": 7.0, "weight": 1.4, "meta_description": null, "meta_title": null, "_order": 2, "product_options": []}}, {"model": "catalogue.product", "pk": 98, "fields": {"structure": "parent", "is_public": true, "upc": "5fcdc027978da30c561d4d51", "parent": null, "title": "Dragon Fruit - Red", "slug": "dehydrated-red-dragon-fruit-cocktail-garnish", "description": "Dragon Fruit, for an exotic touch", "product_class": 1, "rating": null, "date_created": "2022-02-18T12:35:54.237Z", "date_updated": "2022-02-19T16:01:29.733Z", "is_discountable": true, "length": null, "width": null, "height": null, "weight": null, "meta_description": "Dragon Fruit, for an exotic touch", "meta_title": "Dragon Fruit - Red", "_order": 23, "product_options": []}}, {"model": "catalogue.product", "pk": 99, "fields": {"structure": "child", "is_public": true, "upc": "b6b1cb04-345d-4d0c-8813-6cb6de07f2ca", "parent": 98, "title": "Pouch - 4ct", "slug": "dehydrated-red-dragon-fruit-cocktail-garnish-pouch-4ct", "description": "", "product_class": null, "rating": null, "date_created": "2022-02-18T12:35:54.237Z", "date_updated": "2022-02-18T12:35:54.237Z", "is_discountable": true, "length": 6.0, "width": 1.0, "height": 6.0, "weight": 0.05, "meta_description": null, "meta_title": null, "_order": 0, "product_options": []}}, {"model": "catalogue.product", "pk": 100, "fields": {"structure": "child", "is_public": true, "upc": "47446d3b-2e4a-423b-806f-8e1407bbea09", "parent": 98, "title": "Small Jar - 25ct", "slug": "dehydrated-red-dragon-fruit-cocktail-garnish-smalljar-25ct", "description": "", "product_class": null, "rating": null, "date_created": "2022-02-18T12:35:54.238Z", "date_updated": "2022-02-18T12:35:54.238Z", "is_discountable": true, "length": 4.0, "width": 4.0, "height": 4.0, "weight": 1.5, "meta_description": null, "meta_title": null, "_order": 1, "product_options": []}}, {"model": "catalogue.product", "pk": 101, "fields": {"structure": "child", "is_public": true, "upc": "3339eccb-1261-424b-a9ee-6e34b3e97c61", "parent": 98, "title": "Large Jar - 50ct", "slug": "dehydrated-red-dragon-fruit-cocktail-garnish-largejar-50ct", "description": "", "product_class": null, "rating": null, "date_created": "2022-02-18T12:35:54.238Z", "date_updated": "2022-02-18T12:35:54.238Z", "is_discountable": true, "length": 3.75, "width": 3.75, "height": 7.0, "weight": 1.5, "meta_description": null, "meta_title": null, "_order": 2, "product_options": []}}, {"model": "catalogue.product", "pk": 102, "fields": {"structure": "child", "is_public": true, "upc": "077f9a80-6528-48b1-93f2-de80eeaabe70", "parent": 98, "title": "Wholesale - 200ct", "slug": "dehydrated-red-dragon-fruit-cocktail-garnish-wholesale-200ct", "description": "", "product_class": null, "rating": null, "date_created": "2022-02-18T12:35:54.238Z", "date_updated": "2022-02-18T12:35:54.238Z", "is_discountable": true, "length": 9.0, "width": 4.0, "height": 13.0, "weight": 1.75, "meta_description": null, "meta_title": null, "_order": 3, "product_options": []}}, {"model": "catalogue.product", "pk": 103, "fields": {"structure": "parent", "is_public": true, "upc": "6004b3f5dea472688fb98468", "parent": null, "title": "Citrus Jar Set", "slug": "large-dehydrated-citrus-cocktail-garnish-set", "description": "Dehydrated lemon, lime, orange, and blood orange garnishes, cut consistently to deliver a refined presentation for any cocktail. The perfect gift for the professional mixologist or cocktail enthusiast. This set will make a stunning addition to any bar setup. Large sets are in 32oz thick-walled glass jars.", "product_class": 1, "rating": null, "date_created": "2022-02-18T12:35:54.238Z", "date_updated": "2022-02-18T12:35:54.238Z", "is_discountable": true, "length": null, "width": null, "height": null, "weight": null, "meta_description": null, "meta_title": null, "_order": 24, "product_options": []}}, {"model": "catalogue.product", "pk": 104, "fields": {"structure": "child", "is_public": true, "upc": "f7b8237a-16cf-4c22-9c34-e7c9606d426d", "parent": 103, "title": "Small 16oz Glass Jar Set", "slug": "large-dehydrated-citrus-cocktail-garnish-set-small16ozglassjarset", "description": "", "product_class": null, "rating": null, "date_created": "2022-02-18T12:35:54.238Z", "date_updated": "2022-02-18T12:35:54.238Z", "is_discountable": true, "length": 10.0, "width": 10.0, "height": 5.0, "weight": 4.0, "meta_description": null, "meta_title": null, "_order": 0, "product_options": []}}, {"model": "catalogue.product", "pk": 105, "fields": {"structure": "child", "is_public": true, "upc": "1ee21a6c-2f3b-4c78-a778-4b0b8192e15e", "parent": 103, "title": "Large 32oz Glass Jar Set", "slug": "large-dehydrated-citrus-cocktail-garnish-set-large32ozglassjarset", "description": "", "product_class": null, "rating": null, "date_created": "2022-02-18T12:35:54.238Z", "date_updated": "2022-02-18T12:35:54.238Z", "is_discountable": true, "length": 9.0, "width": 9.0, "height": 8.0, "weight": 5.0, "meta_description": null, "meta_title": null, "_order": 1, "product_options": []}}, {"model": "catalogue.product", "pk": 106, "fields": {"structure": "parent", "is_public": true, "upc": "600b8ce3d7b0ac5d7089a8e2", "parent": null, "title": "Hand Cut Roses", "slug": "dehydrated-hand-cut-roses-garnish", "description": "Hand cut and slowly dried spray roses. *These are not considered edible flowers", "product_class": 1, "rating": null, "date_created": "2022-02-18T12:35:54.239Z", "date_updated": "2022-02-19T16:01:29.747Z", "is_discountable": true, "length": null, "width": null, "height": null, "weight": null, "meta_description": "Hand cut and slowly dried spray roses. *These are not considered edible flowers", "meta_title": "Hand Cut Roses", "_order": 25, "product_options": []}}, {"model": "catalogue.product", "pk": 107, "fields": {"structure": "child", "is_public": true, "upc": "cb0d5bcc-f368-4891-9c9c-185ae5f3082c", "parent": 106, "title": "6ct", "slug": "dehydrated-hand-cut-roses-garnish-6ct", "description": "", "product_class": null, "rating": null, "date_created": "2022-02-18T12:35:54.239Z", "date_updated": "2022-02-18T12:35:54.239Z", "is_discountable": true, "length": 5.0, "width": 5.5, "height": 1.0, "weight": 0.1, "meta_description": null, "meta_title": null, "_order": 0, "product_options": []}}, {"model": "catalogue.product", "pk": 108, "fields": {"structure": "child", "is_public": true, "upc": "a43001e6-06c3-45fd-b52c-a1774c8cb766", "parent": 106, "title": "Large Jar - 60ct", "slug": "dehydrated-hand-cut-roses-garnish-largejar-60ct", "description": "", "product_class": null, "rating": null, "date_created": "2022-02-18T12:35:54.239Z", "date_updated": "2022-02-18T12:35:54.239Z", "is_discountable": true, "length": 4.0, "width": 4.0, "height": 4.0, "weight": 1.4, "meta_description": null, "meta_title": null, "_order": 1, "product_options": []}}, {"model": "catalogue.product", "pk": 109, "fields": {"structure": "child", "is_public": true, "upc": "92bf8120-b500-44a7-87d1-e583bca7f8ee", "parent": 106, "title": "100ct", "slug": "dehydrated-hand-cut-roses-garnish-100ct", "description": "", "product_class": null, "rating": null, "date_created": "2022-02-18T12:35:54.239Z", "date_updated": "2022-02-18T12:35:54.239Z", "is_discountable": true, "length": 4.0, "width": 4.0, "height": 8.0, "weight": 1.4, "meta_description": null, "meta_title": null, "_order": 2, "product_options": []}}, {"model": "catalogue.product", "pk": 110, "fields": {"structure": "standalone", "is_public": true, "upc": "600b8e727dafa963897601fd", "parent": null, "title": "Mini Clothespins", "slug": "pins", "description": "One inch mini clothespins to help keep things where you want them.", "product_class": 2, "rating": null, "date_created": "2022-02-18T12:35:54.239Z", "date_updated": "2022-02-18T12:35:54.239Z", "is_discountable": true, "length": 5.5, "width": 5.5, "height": 1.0, "weight": 0.01, "meta_description": null, "meta_title": null, "_order": 26, "product_options": []}}, {"model": "catalogue.product", "pk": 111, "fields": {"structure": "parent", "is_public": true, "upc": "600b8fb1872c446e5a088c31", "parent": null, "title": "Dried Lavender", "slug": "dried-lavender-cocktail-garnish", "description": "Incredibly fragrant Blue English Lavender, about 3-4 inches long.", "product_class": 1, "rating": null, "date_created": "2022-02-18T12:35:54.239Z", "date_updated": "2022-02-18T12:35:54.239Z", "is_discountable": true, "length": null, "width": null, "height": null, "weight": null, "meta_description": null, "meta_title": null, "_order": 27, "product_options": []}}, {"model": "catalogue.product", "pk": 112, "fields": {"structure": "child", "is_public": true, "upc": "76467c27-a7ca-480f-beb1-476183dd388a", "parent": 111, "title": "Pouch - 6ct", "slug": "dried-lavender-cocktail-garnish-pouch-6ct", "description": "", "product_class": null, "rating": null, "date_created": "2022-02-18T12:35:54.240Z", "date_updated": "2022-02-18T12:35:54.240Z", "is_discountable": true, "length": 5.5, "width": 5.5, "height": 1.0, "weight": 0.01, "meta_description": null, "meta_title": null, "_order": 0, "product_options": []}}, {"model": "catalogue.product", "pk": 113, "fields": {"structure": "child", "is_public": true, "upc": "78fcddfc-4532-4392-815a-db4c840b45c9", "parent": 111, "title": "Small Jar - 60ct", "slug": "dried-lavender-cocktail-garnish-smalljar-60ct", "description": "", "product_class": null, "rating": null, "date_created": "2022-02-18T12:35:54.240Z", "date_updated": "2022-02-18T12:35:54.240Z", "is_discountable": true, "length": 4.0, "width": 4.0, "height": 4.0, "weight": 1.1, "meta_description": null, "meta_title": null, "_order": 1, "product_options": []}}, {"model": "catalogue.product", "pk": 114, "fields": {"structure": "child", "is_public": true, "upc": "68414f03-b3e3-421c-9029-7025f7466270", "parent": 111, "title": "Large Jar - 120ct", "slug": "dried-lavender-cocktail-garnish-largejar-120ct", "description": "", "product_class": null, "rating": null, "date_created": "2022-02-18T12:35:54.240Z", "date_updated": "2022-02-18T12:35:54.240Z", "is_discountable": true, "length": 4.0, "width": 4.0, "height": 8.0, "weight": 1.4, "meta_description": null, "meta_title": null, "_order": 2, "product_options": []}}, {"model": "catalogue.product", "pk": 115, "fields": {"structure": "standalone", "is_public": true, "upc": "602863a12487873a721ca8a3", "parent": null, "title": "Sphinx Hat", "slug": "sphinx-hat", "description": "Six panel, unstructured gold corduroy hat featuring the DEHY Sphinx logo. Lower profile with an adjustable metal hoop. One size fits all.", "product_class": 2, "rating": null, "date_created": "2022-02-18T12:35:54.240Z", "date_updated": "2022-02-19T16:01:29.758Z", "is_discountable": true, "length": 7.0, "width": 5.0, "height": 3.0, "weight": 1.4, "meta_description": "Six panel, unstructured gold corduroy hat featuring the DEHY Sphinx logo. Lower profile with an adjustable metal hoop. One size fits all.", "meta_title": "Sphinx Hat", "_order": 28, "product_options": []}}, {"model": "catalogue.product", "pk": 116, "fields": {"structure": "standalone", "is_public": true, "upc": "602865e3f31dc02ae33325e1", "parent": null, "title": "Lapel Pin", "slug": "lapel-pin", "description": "Die-cast shiny gold lapel pin, featuring the DEHY Sphinx logo. Measures 1.2 across.", "product_class": 2, "rating": null, "date_created": "2022-02-18T12:35:54.240Z", "date_updated": "2022-02-19T16:01:29.771Z", "is_discountable": true, "length": 1.2, "width": 1.2, "height": 0.1, "weight": 0.01, "meta_description": "Die-cast shiny gold lapel pin, featuring the DEHY Sphinx logo. Measures 1.2 across.", "meta_title": "Lapel Pin", "_order": 29, "product_options": []}}, {"model": "catalogue.category", "pk": 1, "fields": {"path": "0002", "depth": 1, "numchild": 0, "name": "Flowers", "description": "", "meta_title": null, "meta_description": null, "image": "", "is_public": true, "ancestors_are_public": true, "slug": "flowers"}}, {"model": "catalogue.category", "pk": 2, "fields": {"path": "0003", "depth": 1, "numchild": 0, "name": "Seasonal", "description": "", "meta_title": null, "meta_description": null, "image": "", "is_public": true, "ancestors_are_public": true, "slug": "seasonal"}}, {"model": "catalogue.category", "pk": 3, "fields": {"path": "0005", "depth": 1, "numchild": 0, "name": "Exotic", "description": "", "meta_title": null, "meta_description": null, "image": "", "is_public": true, "ancestors_are_public": true, "slug": "exotic"}}, {"model": "catalogue.category", "pk": 4, "fields": {"path": "0001", "depth": 1, "numchild": 0, "name": "Citrus", "description": "", "meta_title": null, "meta_description": null, "image": "", "is_public": true, "ancestors_are_public": true, "slug": "citrus"}}, {"model": "catalogue.category", "pk": 5, "fields": {"path": "0006", "depth": 1, "numchild": 0, "name": "Sets", "description": "", "meta_title": null, "meta_description": null, "image": "", "is_public": true, "ancestors_are_public": true, "slug": "sets"}}, {"model": "catalogue.category", "pk": 6, "fields": {"path": "0004", "depth": 1, "numchild": 0, "name": "Merch", "description": "", "meta_title": null, "meta_description": null, "image": "", "is_public": true, "ancestors_are_public": true, "slug": "merch"}}, {"model": "catalogue.productclass", "pk": 1, "fields": {"name": "Garnish", "slug": "garnish", "requires_shipping": true, "track_stock": false, "options": []}}, {"model": "catalogue.productclass", "pk": 2, "fields": {"name": "Merchandise", "slug": "merchandise", "requires_shipping": true, "track_stock": true, "options": []}}, {"model": "catalogue.productcategory", "pk": 1, "fields": {"product": 1, "category": 4}}, {"model": "catalogue.productcategory", "pk": 2, "fields": {"product": 6, "category": 4}}, {"model": "catalogue.productcategory", "pk": 3, "fields": {"product": 11, "category": 4}}, {"model": "catalogue.productcategory", "pk": 4, "fields": {"product": 16, "category": 4}}, {"model": "catalogue.productcategory", "pk": 5, "fields": {"product": 21, "category": 4}}, {"model": "catalogue.productcategory", "pk": 6, "fields": {"product": 25, "category": 4}}, {"model": "catalogue.productcategory", "pk": 7, "fields": {"product": 30, "category": 4}}, {"model": "catalogue.productcategory", "pk": 8, "fields": {"product": 35, "category": 4}}, {"model": "catalogue.productcategory", "pk": 9, "fields": {"product": 39, "category": 4}}, {"model": "catalogue.productcategory", "pk": 10, "fields": {"product": 43, "category": 4}}, {"model": "catalogue.productcategory", "pk": 11, "fields": {"product": 46, "category": 4}}, {"model": "catalogue.productcategory", "pk": 12, "fields": {"product": 49, "category": 4}}, {"model": "catalogue.productcategory", "pk": 13, "fields": {"product": 52, "category": 3}}, {"model": "catalogue.productcategory", "pk": 14, "fields": {"product": 56, "category": 3}}, {"model": "catalogue.productcategory", "pk": 15, "fields": {"product": 59, "category": 2}}, {"model": "catalogue.productcategory", "pk": 16, "fields": {"product": 64, "category": 2}}, {"model": "catalogue.productcategory", "pk": 17, "fields": {"product": 69, "category": 2}}, {"model": "catalogue.productcategory", "pk": 18, "fields": {"product": 72, "category": 4}}, {"model": "catalogue.productcategory", "pk": 19, "fields": {"product": 77, "category": 3}}, {"model": "catalogue.productcategory", "pk": 20, "fields": {"product": 82, "category": 2}}, {"model": "catalogue.productcategory", "pk": 21, "fields": {"product": 86, "category": 3}}, {"model": "catalogue.productcategory", "pk": 22, "fields": {"product": 90, "category": 3}}, {"model": "catalogue.productcategory", "pk": 23, "fields": {"product": 94, "category": 3}}, {"model": "catalogue.productcategory", "pk": 24, "fields": {"product": 98, "category": 3}}, {"model": "catalogue.productcategory", "pk": 25, "fields": {"product": 103, "category": 4}}, {"model": "catalogue.productcategory", "pk": 26, "fields": {"product": 106, "category": 1}}, {"model": "catalogue.productcategory", "pk": 27, "fields": {"product": 110, "category": 6}}, {"model": "catalogue.productcategory", "pk": 28, "fields": {"product": 111, "category": 1}}, {"model": "catalogue.productcategory", "pk": 29, "fields": {"product": 115, "category": 6}}, {"model": "catalogue.productcategory", "pk": 30, "fields": {"product": 116, "category": 6}}, {"model": "basket.basket", "pk": 1, "fields": {"owner": 1, "status": "Open", "date_created": "2022-02-18T18:29:27.108Z", "date_merged": null, "date_submitted": "2022-03-06T22:42:48.362Z", "payment_intent_id": null, "stripe_customer_id": null, "vouchers": []}}, {"model": "basket.basket", "pk": 2, "fields": {"owner": null, "status": "Merged", "date_created": "2022-02-18T23:14:22.784Z", "date_merged": "2022-02-19T02:25:21.788Z", "date_submitted": null, "payment_intent_id": null, "stripe_customer_id": null, "vouchers": []}}, {"model": "basket.basket", "pk": 3, "fields": {"owner": null, "status": "Open", "date_created": "2022-02-21T20:14:15.024Z", "date_merged": null, "date_submitted": null, "payment_intent_id": null, "stripe_customer_id": null, "vouchers": []}}, {"model": "basket.basket", "pk": 4, "fields": {"owner": null, "status": "Merged", "date_created": "2022-02-22T18:39:19.428Z", "date_merged": "2022-02-24T18:55:10.258Z", "date_submitted": null, "payment_intent_id": null, "stripe_customer_id": null, "vouchers": []}}, {"model": "basket.basket", "pk": 7, "fields": {"owner": null, "status": "Open", "date_created": "2022-02-25T01:20:55.340Z", "date_merged": null, "date_submitted": null, "payment_intent_id": null, "stripe_customer_id": null, "vouchers": []}}, {"model": "basket.basket", "pk": 8, "fields": {"owner": null, "status": "Open", "date_created": "2022-02-25T01:22:14.462Z", "date_merged": null, "date_submitted": null, "payment_intent_id": null, "stripe_customer_id": null, "vouchers": []}}, {"model": "basket.basket", "pk": 9, "fields": {"owner": null, "status": "Open", "date_created": "2022-02-25T01:41:03.540Z", "date_merged": null, "date_submitted": null, "payment_intent_id": null, "stripe_customer_id": null, "vouchers": []}}, {"model": "basket.basket", "pk": 10, "fields": {"owner": null, "status": "Open", "date_created": "2022-02-25T02:09:45.116Z", "date_merged": null, "date_submitted": null, "payment_intent_id": null, "stripe_customer_id": null, "vouchers": []}}, {"model": "basket.basket", "pk": 11, "fields": {"owner": null, "status": "Open", "date_created": "2022-02-26T01:34:02.552Z", "date_merged": null, "date_submitted": null, "payment_intent_id": null, "stripe_customer_id": null, "vouchers": []}}, {"model": "basket.basket", "pk": 12, "fields": {"owner": null, "status": "Merged", "date_created": "2022-03-04T15:55:07.724Z", "date_merged": "2022-03-05T00:12:54.237Z", "date_submitted": null, "payment_intent_id": null, "stripe_customer_id": null, "vouchers": []}}, {"model": "basket.basket", "pk": 13, "fields": {"owner": null, "status": "Open", "date_created": "2022-03-04T21:45:26.609Z", "date_merged": null, "date_submitted": null, "payment_intent_id": null, "stripe_customer_id": null, "vouchers": []}}, {"model": "basket.line", "pk": 1, "fields": {"basket": 1, "line_reference": "93_71", "product": 93, "stockrecord": 71, "quantity": 1, "price_currency": "USD", "price_excl_tax": "35.00", "price_incl_tax": "35.00", "date_created": "2022-02-18T18:45:01.088Z", "date_updated": "2022-02-18T18:45:01.088Z"}}, {"model": "basket.line", "pk": 2, "fields": {"basket": 1, "line_reference": "44_34", "product": 44, "stockrecord": 34, "quantity": 1, "price_currency": "USD", "price_excl_tax": "5.00", "price_incl_tax": "5.00", "date_created": "2022-02-18T23:14:22.792Z", "date_updated": "2022-02-19T02:25:21.787Z"}}, {"model": "basket.line", "pk": 3, "fields": {"basket": 3, "line_reference": "116_89", "product": 116, "stockrecord": 89, "quantity": 1, "price_currency": "USD", "price_excl_tax": "5.00", "price_incl_tax": "5.00", "date_created": "2022-02-21T20:14:15.031Z", "date_updated": "2022-02-21T20:14:15.031Z"}}, {"model": "basket.line", "pk": 4, "fields": {"basket": 3, "line_reference": "95_72", "product": 95, "stockrecord": 72, "quantity": 1, "price_currency": "USD", "price_excl_tax": "5.00", "price_incl_tax": "5.00", "date_created": "2022-02-21T20:14:25.494Z", "date_updated": "2022-02-21T20:14:25.494Z"}}, {"model": "basket.line", "pk": 5, "fields": {"basket": 1, "line_reference": "10_8", "product": 10, "stockrecord": 8, "quantity": 2, "price_currency": "USD", "price_excl_tax": "65.00", "price_incl_tax": "65.00", "date_created": "2022-02-22T18:39:19.434Z", "date_updated": "2022-02-24T18:55:10.257Z"}}, {"model": "basket.line", "pk": 8, "fields": {"basket": 7, "line_reference": "24_19", "product": 24, "stockrecord": 19, "quantity": 2, "price_currency": "USD", "price_excl_tax": "25.00", "price_incl_tax": "25.00", "date_created": "2022-02-25T01:20:55.344Z", "date_updated": "2022-02-25T01:20:58.770Z"}}, {"model": "basket.line", "pk": 9, "fields": {"basket": 7, "line_reference": "45_35", "product": 45, "stockrecord": 35, "quantity": 1, "price_currency": "USD", "price_excl_tax": "15.00", "price_incl_tax": "15.00", "date_created": "2022-02-25T01:21:13.338Z", "date_updated": "2022-02-25T01:21:13.338Z"}}, {"model": "basket.line", "pk": 10, "fields": {"basket": 8, "line_reference": "4_3", "product": 4, "stockrecord": 3, "quantity": 1, "price_currency": "USD", "price_excl_tax": "25.00", "price_incl_tax": "25.00", "date_created": "2022-02-25T01:22:14.467Z", "date_updated": "2022-02-25T01:22:14.467Z"}}, {"model": "basket.line", "pk": 11, "fields": {"basket": 8, "line_reference": "12_9", "product": 12, "stockrecord": 9, "quantity": 1, "price_currency": "USD", "price_excl_tax": "5.00", "price_incl_tax": "5.00", "date_created": "2022-02-25T01:22:25.702Z", "date_updated": "2022-02-25T01:22:25.702Z"}}, {"model": "basket.line", "pk": 12, "fields": {"basket": 9, "line_reference": "3_2", "product": 3, "stockrecord": 2, "quantity": 1, "price_currency": "USD", "price_excl_tax": "15.00", "price_incl_tax": "15.00", "date_created": "2022-02-25T01:41:03.545Z", "date_updated": "2022-02-25T01:41:03.545Z"}}, {"model": "basket.line", "pk": 13, "fields": {"basket": 9, "line_reference": "5_4", "product": 5, "stockrecord": 4, "quantity": 1, "price_currency": "USD", "price_excl_tax": "65.00", "price_incl_tax": "65.00", "date_created": "2022-02-25T01:41:05.930Z", "date_updated": "2022-02-25T01:41:05.930Z"}}, {"model": "basket.line", "pk": 14, "fields": {"basket": 10, "line_reference": "4_3", "product": 4, "stockrecord": 3, "quantity": 1, "price_currency": "USD", "price_excl_tax": "25.00", "price_incl_tax": "25.00", "date_created": "2022-02-25T02:09:45.121Z", "date_updated": "2022-02-25T02:09:45.121Z"}}, {"model": "basket.line", "pk": 15, "fields": {"basket": 11, "line_reference": "10_8", "product": 10, "stockrecord": 8, "quantity": 1, "price_currency": "USD", "price_excl_tax": "65.00", "price_incl_tax": "65.00", "date_created": "2022-02-26T01:34:02.557Z", "date_updated": "2022-02-26T01:34:02.557Z"}}, {"model": "basket.line", "pk": 16, "fields": {"basket": 11, "line_reference": "44_34", "product": 44, "stockrecord": 34, "quantity": 1, "price_currency": "USD", "price_excl_tax": "5.00", "price_incl_tax": "5.00", "date_created": "2022-02-26T01:34:11.218Z", "date_updated": "2022-02-26T01:34:11.218Z"}}, {"model": "basket.line", "pk": 17, "fields": {"basket": 1, "line_reference": "19_15", "product": 19, "stockrecord": 15, "quantity": 1, "price_currency": "USD", "price_excl_tax": "25.00", "price_incl_tax": "25.00", "date_created": "2022-03-04T15:55:07.729Z", "date_updated": "2022-03-05T00:12:54.236Z"}}, {"model": "basket.line", "pk": 18, "fields": {"basket": 13, "line_reference": "3_2", "product": 3, "stockrecord": 2, "quantity": 2, "price_currency": "USD", "price_excl_tax": "15.00", "price_incl_tax": "15.00", "date_created": "2022-03-04T21:45:26.614Z", "date_updated": "2022-03-04T21:45:31.478Z"}}, {"model": "basket.line", "pk": 19, "fields": {"basket": 13, "line_reference": "42_33", "product": 42, "stockrecord": 33, "quantity": 1, "price_currency": "USD", "price_excl_tax": "15.00", "price_incl_tax": "15.00", "date_created": "2022-03-04T21:51:52.396Z", "date_updated": "2022-03-04T21:51:52.396Z"}}, {"model": "order.paymenteventquantity", "pk": 8, "fields": {"event": 4, "line": 8, "quantity": 1}}, {"model": "order.paymenteventquantity", "pk": 9, "fields": {"event": 4, "line": 9, "quantity": 1}}, {"model": "order.paymenteventquantity", "pk": 10, "fields": {"event": 4, "line": 10, "quantity": 2}}, {"model": "order.paymenteventquantity", "pk": 11, "fields": {"event": 4, "line": 11, "quantity": 1}}, {"model": "order.order", "pk": 4, "fields": {"number": "100001", "site": 1, "basket": 1, "user": 1, "billing_address": 4, "currency": "USD", "total_incl_tax": "208.65", "total_excl_tax": "195.00", "shipping_incl_tax": "0.00", "shipping_excl_tax": "0.00", "shipping_address": 4, "shipping_method": "Standard Ground", "shipping_code": "standard_ground", "status": "Pending", "guest_email": "", "date_placed": "2022-03-06T22:42:48.339Z", "additional_info_questionnaire": null}}, {"model": "order.shippingaddress", "pk": 4, "fields": {"title": "", "first_name": "aaaa", "last_name": "bbbb", "line1": "4444 Hello Der Dr", "line2": "", "line3": "", "line4": "AUSTIN", "state": "TX", "postcode": "78751", "country": "US", "search_text": "aaaa bbbb 4444 Hello Der Dr AUSTIN TX 78751 United States of America", "phone_number": "+13862668079", "notes": ""}}, {"model": "order.shippingaddress", "pk": 5, "fields": {"title": "", "first_name": "Kenneth", "last_name": "Tuten", "line1": "9801 STONELAKE BLVD", "line2": "", "line3": "", "line4": "AUSTIN", "state": "TX", "postcode": "78759", "country": "US", "search_text": "Kenneth Tuten 9801 STONELAKE BLVD AUSTIN TX 78759 United States of America", "phone_number": "+13862668079", "notes": ""}}, {"model": "order.billingaddress", "pk": 4, "fields": {"title": "", "first_name": "aaaa", "last_name": "bbbb", "line1": "4444 Hello Der Dr", "line2": "", "line3": "", "line4": "AUSTIN", "state": "TX", "postcode": "78751", "country": "US", "search_text": "aaaa bbbb 4444 Hello Der Dr AUSTIN TX 78751 United States of America"}}, {"model": "order.billingaddress", "pk": 5, "fields": {"title": "", "first_name": "Kenneth", "last_name": "Tuten", "line1": "9801 STONELAKE BLVD", "line2": "", "line3": "", "line4": "AUSTIN", "state": "TX", "postcode": "78759", "country": "US", "search_text": "Kenneth Tuten 9801 STONELAKE BLVD AUSTIN TX 78759 United States of America"}}, {"model": "order.line", "pk": 8, "fields": {"order": 4, "partner": 1, "partner_name": "DEHY", "partner_sku": "c85e85c1-d2ab-4294-9d9b-677acde899d6", "partner_line_reference": "", "partner_line_notes": "", "stockrecord": 71, "product": 93, "title": "Large Jar - 150ct", "upc": "c85e85c1-d2ab-4294-9d9b-677acde899d6", "quantity": 1, "line_price_incl_tax": "37.45", "line_price_excl_tax": "35.00", "line_price_before_discounts_incl_tax": "37.45", "line_price_before_discounts_excl_tax": "35.00", "unit_price_incl_tax": "37.45", "unit_price_excl_tax": "35.00", "status": "Pending"}}, {"model": "order.line", "pk": 9, "fields": {"order": 4, "partner": 1, "partner_name": "DEHY", "partner_sku": "f88f31ed-dd5c-4619-a797-933f27c3f1d1", "partner_line_reference": "", "partner_line_notes": "", "stockrecord": 34, "product": 44, "title": "Pouch - 6ct", "upc": "f88f31ed-dd5c-4619-a797-933f27c3f1d1", "quantity": 1, "line_price_incl_tax": "5.35", "line_price_excl_tax": "5.00", "line_price_before_discounts_incl_tax": "5.35", "line_price_before_discounts_excl_tax": "5.00", "unit_price_incl_tax": "5.35", "unit_price_excl_tax": "5.00", "status": "Pending"}}, {"model": "order.line", "pk": 10, "fields": {"order": 4, "partner": 1, "partner_name": "DEHY", "partner_sku": "2973f878-75aa-4c77-9d92-0c067999cd4c", "partner_line_reference": "", "partner_line_notes": "", "stockrecord": 8, "product": 10, "title": "Wholesale - 625ct", "upc": "2973f878-75aa-4c77-9d92-0c067999cd4c", "quantity": 2, "line_price_incl_tax": "139.10", "line_price_excl_tax": "130.00", "line_price_before_discounts_incl_tax": "139.10", "line_price_before_discounts_excl_tax": "130.00", "unit_price_incl_tax": "69.55", "unit_price_excl_tax": "65.00", "status": "Pending"}}, {"model": "order.line", "pk": 11, "fields": {"order": 4, "partner": 1, "partner_name": "DEHY", "partner_sku": "115150e5-c6c4-49cb-9f47-d703cc3d161b", "partner_line_reference": "", "partner_line_notes": "", "stockrecord": 15, "product": 19, "title": "Large Jar - 70ct", "upc": "115150e5-c6c4-49cb-9f47-d703cc3d161b", "quantity": 1, "line_price_incl_tax": "26.75", "line_price_excl_tax": "25.00", "line_price_before_discounts_incl_tax": "26.75", "line_price_before_discounts_excl_tax": "25.00", "unit_price_incl_tax": "26.75", "unit_price_excl_tax": "25.00", "status": "Pending"}}, {"model": "order.lineprice", "pk": 8, "fields": {"order": 4, "line": 8, "quantity": 1, "price_incl_tax": "37.45", "price_excl_tax": "35.00", "shipping_incl_tax": "0.00", "shipping_excl_tax": "0.00"}}, {"model": "order.lineprice", "pk": 9, "fields": {"order": 4, "line": 9, "quantity": 1, "price_incl_tax": "5.35", "price_excl_tax": "5.00", "shipping_incl_tax": "0.00", "shipping_excl_tax": "0.00"}}, {"model": "order.lineprice", "pk": 10, "fields": {"order": 4, "line": 10, "quantity": 2, "price_incl_tax": "69.55", "price_excl_tax": "65.00", "shipping_incl_tax": "0.00", "shipping_excl_tax": "0.00"}}, {"model": "order.lineprice", "pk": 11, "fields": {"order": 4, "line": 11, "quantity": 1, "price_incl_tax": "26.75", "price_excl_tax": "25.00", "shipping_incl_tax": "0.00", "shipping_excl_tax": "0.00"}}, {"model": "order.paymentevent", "pk": 4, "fields": {"order": 4, "amount": "208.65", "reference": "", "event_type": 4, "shipping_event": null, "date_created": "2022-03-06T22:42:48.358Z"}}, {"model": "order.paymenteventtype", "pk": 4, "fields": {"name": "Purchase", "code": "purchase"}}, {"model": "order.orderdiscount", "pk": 2, "fields": {"order": 4, "category": "Shipping", "offer_id": 1, "offer_name": "Free Shipping", "voucher_id": null, "voucher_code": "", "frequency": 1, "amount": "15.00", "message": ""}}, {"model": "partner.stockrecord", "pk": 1, "fields": {"product": 2, "partner": 1, "partner_sku": "1da1c05b-365f-483d-b92f-0503a4b3b952", "price_currency": "USD", "price": "5.00", "num_in_stock": null, "num_allocated": null, "low_stock_threshold": null, "date_created": "2022-02-18T12:35:54.227Z", "date_updated": "2022-02-18T12:35:54.227Z"}}, {"model": "partner.stockrecord", "pk": 2, "fields": {"product": 3, "partner": 1, "partner_sku": "2fa0adcc-74a4-4756-bc30-29204cb0160f", "price_currency": "USD", "price": "15.00", "num_in_stock": null, "num_allocated": null, "low_stock_threshold": null, "date_created": "2022-02-18T12:35:54.227Z", "date_updated": "2022-02-18T12:35:54.227Z"}}, {"model": "partner.stockrecord", "pk": 3, "fields": {"product": 4, "partner": 1, "partner_sku": "c4f5749e-466b-4c0b-8fb9-6d99a941bf98", "price_currency": "USD", "price": "25.00", "num_in_stock": null, "num_allocated": null, "low_stock_threshold": null, "date_created": "2022-02-18T12:35:54.227Z", "date_updated": "2022-02-18T12:35:54.227Z"}}, {"model": "partner.stockrecord", "pk": 4, "fields": {"product": 5, "partner": 1, "partner_sku": "225fde51-6439-4bf4-9508-ef1f08addd9e", "price_currency": "USD", "price": "65.00", "num_in_stock": null, "num_allocated": null, "low_stock_threshold": null, "date_created": "2022-02-18T12:35:54.228Z", "date_updated": "2022-02-18T12:35:54.228Z"}}, {"model": "partner.stockrecord", "pk": 5, "fields": {"product": 7, "partner": 1, "partner_sku": "9d3f3ada-5582-439f-a78e-17a100075b30", "price_currency": "USD", "price": "5.00", "num_in_stock": null, "num_allocated": null, "low_stock_threshold": null, "date_created": "2022-02-18T12:35:54.228Z", "date_updated": "2022-02-18T12:35:54.228Z"}}, {"model": "partner.stockrecord", "pk": 6, "fields": {"product": 8, "partner": 1, "partner_sku": "6fc897d8-3f68-4c4b-92a6-b0549fb4bb35", "price_currency": "USD", "price": "15.00", "num_in_stock": null, "num_allocated": null, "low_stock_threshold": null, "date_created": "2022-02-18T12:35:54.228Z", "date_updated": "2022-02-18T12:35:54.228Z"}}, {"model": "partner.stockrecord", "pk": 7, "fields": {"product": 9, "partner": 1, "partner_sku": "3d8477aa-0e34-4bec-94a0-09cf43233361", "price_currency": "USD", "price": "25.00", "num_in_stock": null, "num_allocated": null, "low_stock_threshold": null, "date_created": "2022-02-18T12:35:54.228Z", "date_updated": "2022-02-18T12:35:54.228Z"}}, {"model": "partner.stockrecord", "pk": 8, "fields": {"product": 10, "partner": 1, "partner_sku": "2973f878-75aa-4c77-9d92-0c067999cd4c", "price_currency": "USD", "price": "65.00", "num_in_stock": null, "num_allocated": null, "low_stock_threshold": null, "date_created": "2022-02-18T12:35:54.228Z", "date_updated": "2022-02-18T12:35:54.228Z"}}, {"model": "partner.stockrecord", "pk": 9, "fields": {"product": 12, "partner": 1, "partner_sku": "f5a4926b-3075-4125-8650-56b5666ade22", "price_currency": "USD", "price": "5.00", "num_in_stock": null, "num_allocated": null, "low_stock_threshold": null, "date_created": "2022-02-18T12:35:54.228Z", "date_updated": "2022-02-18T12:35:54.228Z"}}, {"model": "partner.stockrecord", "pk": 10, "fields": {"product": 13, "partner": 1, "partner_sku": "544d4a5d-d5f1-4faf-86f2-8aa49a1a4e33", "price_currency": "USD", "price": "15.00", "num_in_stock": null, "num_allocated": null, "low_stock_threshold": null, "date_created": "2022-02-18T12:35:54.228Z", "date_updated": "2022-02-18T12:35:54.228Z"}}, {"model": "partner.stockrecord", "pk": 11, "fields": {"product": 14, "partner": 1, "partner_sku": "2c3bc9c7-a98d-4f22-ac41-48a836dfa7c0", "price_currency": "USD", "price": "25.00", "num_in_stock": null, "num_allocated": null, "low_stock_threshold": null, "date_created": "2022-02-18T12:35:54.228Z", "date_updated": "2022-02-18T12:35:54.228Z"}}, {"model": "partner.stockrecord", "pk": 12, "fields": {"product": 15, "partner": 1, "partner_sku": "03bb027f-d53c-4464-bbc3-9c11a0fbec8d", "price_currency": "USD", "price": "65.00", "num_in_stock": null, "num_allocated": null, "low_stock_threshold": null, "date_created": "2022-02-18T12:35:54.228Z", "date_updated": "2022-02-18T12:35:54.228Z"}}, {"model": "partner.stockrecord", "pk": 13, "fields": {"product": 17, "partner": 1, "partner_sku": "cdf081c0-df5d-493f-b33f-598d4fea990e", "price_currency": "USD", "price": "5.00", "num_in_stock": null, "num_allocated": null, "low_stock_threshold": null, "date_created": "2022-02-18T12:35:54.228Z", "date_updated": "2022-02-18T12:35:54.228Z"}}, {"model": "partner.stockrecord", "pk": 14, "fields": {"product": 18, "partner": 1, "partner_sku": "3d6c7183-0704-4146-8fc6-eabd4a48eaf6", "price_currency": "USD", "price": "15.00", "num_in_stock": null, "num_allocated": null, "low_stock_threshold": null, "date_created": "2022-02-18T12:35:54.228Z", "date_updated": "2022-02-18T12:35:54.228Z"}}, {"model": "partner.stockrecord", "pk": 15, "fields": {"product": 19, "partner": 1, "partner_sku": "115150e5-c6c4-49cb-9f47-d703cc3d161b", "price_currency": "USD", "price": "25.00", "num_in_stock": null, "num_allocated": null, "low_stock_threshold": null, "date_created": "2022-02-18T12:35:54.229Z", "date_updated": "2022-02-18T12:35:54.229Z"}}, {"model": "partner.stockrecord", "pk": 16, "fields": {"product": 20, "partner": 1, "partner_sku": "e5c27b85-e714-4f07-b0c6-e22b9956de27", "price_currency": "USD", "price": "75.00", "num_in_stock": null, "num_allocated": null, "low_stock_threshold": null, "date_created": "2022-02-18T12:35:54.229Z", "date_updated": "2022-02-18T12:35:54.229Z"}}, {"model": "partner.stockrecord", "pk": 17, "fields": {"product": 22, "partner": 1, "partner_sku": "ab7f4f17-06fb-43de-93c9-814169985dc7", "price_currency": "USD", "price": "5.00", "num_in_stock": null, "num_allocated": null, "low_stock_threshold": null, "date_created": "2022-02-18T12:35:54.229Z", "date_updated": "2022-02-18T12:35:54.229Z"}}, {"model": "partner.stockrecord", "pk": 18, "fields": {"product": 23, "partner": 1, "partner_sku": "bef35630-bebe-4671-8b00-a06a3af0c15d", "price_currency": "USD", "price": "15.00", "num_in_stock": null, "num_allocated": null, "low_stock_threshold": null, "date_created": "2022-02-18T12:35:54.229Z", "date_updated": "2022-02-18T12:35:54.229Z"}}, {"model": "partner.stockrecord", "pk": 19, "fields": {"product": 24, "partner": 1, "partner_sku": "aca86b55-338f-4b35-912e-5a6c85be6599", "price_currency": "USD", "price": "25.00", "num_in_stock": null, "num_allocated": null, "low_stock_threshold": null, "date_created": "2022-02-18T12:35:54.229Z", "date_updated": "2022-02-18T12:35:54.229Z"}}, {"model": "partner.stockrecord", "pk": 20, "fields": {"product": 26, "partner": 1, "partner_sku": "8c43d468-7f06-4c58-b2bf-b298f3474d0a", "price_currency": "USD", "price": "5.00", "num_in_stock": null, "num_allocated": null, "low_stock_threshold": null, "date_created": "2022-02-18T12:35:54.229Z", "date_updated": "2022-02-18T12:35:54.229Z"}}, {"model": "partner.stockrecord", "pk": 21, "fields": {"product": 27, "partner": 1, "partner_sku": "d2f2dd87-999d-4aa3-b83e-1169b9fa62aa", "price_currency": "USD", "price": "15.00", "num_in_stock": null, "num_allocated": null, "low_stock_threshold": null, "date_created": "2022-02-18T12:35:54.229Z", "date_updated": "2022-02-18T12:35:54.229Z"}}, {"model": "partner.stockrecord", "pk": 22, "fields": {"product": 28, "partner": 1, "partner_sku": "6b1a939b-bfd8-49e3-b97c-73e62ebccd31", "price_currency": "USD", "price": "25.00", "num_in_stock": null, "num_allocated": null, "low_stock_threshold": null, "date_created": "2022-02-18T12:35:54.229Z", "date_updated": "2022-02-18T12:35:54.229Z"}}, {"model": "partner.stockrecord", "pk": 23, "fields": {"product": 29, "partner": 1, "partner_sku": "a39ad68c-8eaa-4a80-a73c-8b0810be6de4", "price_currency": "USD", "price": "30.00", "num_in_stock": null, "num_allocated": null, "low_stock_threshold": null, "date_created": "2022-02-18T12:35:54.229Z", "date_updated": "2022-02-18T12:35:54.229Z"}}, {"model": "partner.stockrecord", "pk": 24, "fields": {"product": 31, "partner": 1, "partner_sku": "1eb97da2-f07a-4176-ba26-f7c614d5f6fe", "price_currency": "USD", "price": "5.00", "num_in_stock": null, "num_allocated": null, "low_stock_threshold": null, "date_created": "2022-02-18T12:35:54.229Z", "date_updated": "2022-02-18T12:35:54.229Z"}}, {"model": "partner.stockrecord", "pk": 25, "fields": {"product": 32, "partner": 1, "partner_sku": "72284ff4-a25e-414e-8c64-19f01945365d", "price_currency": "USD", "price": "15.00", "num_in_stock": null, "num_allocated": null, "low_stock_threshold": null, "date_created": "2022-02-18T12:35:54.230Z", "date_updated": "2022-02-18T12:35:54.230Z"}}, {"model": "partner.stockrecord", "pk": 26, "fields": {"product": 33, "partner": 1, "partner_sku": "38168337-fb58-4406-95d5-14107b7d80d4", "price_currency": "USD", "price": "25.00", "num_in_stock": null, "num_allocated": null, "low_stock_threshold": null, "date_created": "2022-02-18T12:35:54.230Z", "date_updated": "2022-02-18T12:35:54.230Z"}}, {"model": "partner.stockrecord", "pk": 27, "fields": {"product": 34, "partner": 1, "partner_sku": "db003e05-e37d-4f35-9d1a-83e3721c8317", "price_currency": "USD", "price": "30.00", "num_in_stock": null, "num_allocated": null, "low_stock_threshold": null, "date_created": "2022-02-18T12:35:54.230Z", "date_updated": "2022-02-18T12:35:54.230Z"}}, {"model": "partner.stockrecord", "pk": 28, "fields": {"product": 36, "partner": 1, "partner_sku": "3bce9f65-89ef-44fa-9454-39a08559f8fd", "price_currency": "USD", "price": "5.00", "num_in_stock": null, "num_allocated": null, "low_stock_threshold": null, "date_created": "2022-02-18T12:35:54.230Z", "date_updated": "2022-02-18T12:35:54.230Z"}}, {"model": "partner.stockrecord", "pk": 29, "fields": {"product": 37, "partner": 1, "partner_sku": "2fb8e4d4-34a9-4a75-9831-5f6e20540205", "price_currency": "USD", "price": "15.00", "num_in_stock": null, "num_allocated": null, "low_stock_threshold": null, "date_created": "2022-02-18T12:35:54.230Z", "date_updated": "2022-02-18T12:35:54.230Z"}}, {"model": "partner.stockrecord", "pk": 30, "fields": {"product": 38, "partner": 1, "partner_sku": "f6809bb3-80a0-42e0-b057-fbbe8aff07a4", "price_currency": "USD", "price": "25.00", "num_in_stock": null, "num_allocated": null, "low_stock_threshold": null, "date_created": "2022-02-18T12:35:54.230Z", "date_updated": "2022-02-18T12:35:54.230Z"}}, {"model": "partner.stockrecord", "pk": 31, "fields": {"product": 40, "partner": 1, "partner_sku": "92b6751f-8369-488c-9887-cb6b74172146", "price_currency": "USD", "price": "14.00", "num_in_stock": null, "num_allocated": null, "low_stock_threshold": null, "date_created": "2022-02-18T12:35:54.230Z", "date_updated": "2022-02-18T12:35:54.230Z"}}, {"model": "partner.stockrecord", "pk": 32, "fields": {"product": 41, "partner": 1, "partner_sku": "f3ecafe4-10a8-4575-98e4-845ab096cd08", "price_currency": "USD", "price": "5.00", "num_in_stock": null, "num_allocated": null, "low_stock_threshold": null, "date_created": "2022-02-18T12:35:54.230Z", "date_updated": "2022-02-18T12:35:54.230Z"}}, {"model": "partner.stockrecord", "pk": 33, "fields": {"product": 42, "partner": 1, "partner_sku": "505c17b9-814c-4124-8626-9f0d628203d0", "price_currency": "USD", "price": "15.00", "num_in_stock": null, "num_allocated": null, "low_stock_threshold": null, "date_created": "2022-02-18T12:35:54.231Z", "date_updated": "2022-02-18T12:35:54.231Z"}}, {"model": "partner.stockrecord", "pk": 34, "fields": {"product": 44, "partner": 1, "partner_sku": "f88f31ed-dd5c-4619-a797-933f27c3f1d1", "price_currency": "USD", "price": "5.00", "num_in_stock": null, "num_allocated": null, "low_stock_threshold": null, "date_created": "2022-02-18T12:35:54.231Z", "date_updated": "2022-02-18T12:35:54.231Z"}}, {"model": "partner.stockrecord", "pk": 35, "fields": {"product": 45, "partner": 1, "partner_sku": "1c5b25de-3acd-4da9-a8ce-fb15526e104b", "price_currency": "USD", "price": "15.00", "num_in_stock": null, "num_allocated": null, "low_stock_threshold": null, "date_created": "2022-02-18T12:35:54.231Z", "date_updated": "2022-02-18T12:35:54.231Z"}}, {"model": "partner.stockrecord", "pk": 36, "fields": {"product": 47, "partner": 1, "partner_sku": "3dbd709b-5a06-46d3-8288-9ac2ac58d292", "price_currency": "USD", "price": "5.00", "num_in_stock": null, "num_allocated": null, "low_stock_threshold": null, "date_created": "2022-02-18T12:35:54.231Z", "date_updated": "2022-02-18T12:35:54.231Z"}}, {"model": "partner.stockrecord", "pk": 37, "fields": {"product": 48, "partner": 1, "partner_sku": "d0a03c09-a341-4777-8e5e-7444a115f782", "price_currency": "USD", "price": "15.00", "num_in_stock": null, "num_allocated": null, "low_stock_threshold": null, "date_created": "2022-02-18T12:35:54.231Z", "date_updated": "2022-02-18T12:35:54.231Z"}}, {"model": "partner.stockrecord", "pk": 38, "fields": {"product": 50, "partner": 1, "partner_sku": "7f58dff9-9e9f-44a9-8625-b11f8d47d902", "price_currency": "USD", "price": "5.00", "num_in_stock": null, "num_allocated": null, "low_stock_threshold": null, "date_created": "2022-02-18T12:35:54.231Z", "date_updated": "2022-02-18T12:35:54.231Z"}}, {"model": "partner.stockrecord", "pk": 39, "fields": {"product": 51, "partner": 1, "partner_sku": "e5db3bfe-6775-41f9-80fb-5c363af7f7e4", "price_currency": "USD", "price": "15.00", "num_in_stock": null, "num_allocated": null, "low_stock_threshold": null, "date_created": "2022-02-18T12:35:54.231Z", "date_updated": "2022-02-18T12:35:54.231Z"}}, {"model": "partner.stockrecord", "pk": 40, "fields": {"product": 53, "partner": 1, "partner_sku": "3a62922b-ef89-4df7-9bcc-dd11a905ffde", "price_currency": "USD", "price": "5.00", "num_in_stock": null, "num_allocated": null, "low_stock_threshold": null, "date_created": "2022-02-18T12:35:54.232Z", "date_updated": "2022-02-18T12:35:54.232Z"}}, {"model": "partner.stockrecord", "pk": 41, "fields": {"product": 54, "partner": 1, "partner_sku": "6f9af528-c726-4168-be9e-94f03954988b", "price_currency": "USD", "price": "20.00", "num_in_stock": null, "num_allocated": null, "low_stock_threshold": null, "date_created": "2022-02-18T12:35:54.232Z", "date_updated": "2022-02-18T12:35:54.232Z"}}, {"model": "partner.stockrecord", "pk": 42, "fields": {"product": 55, "partner": 1, "partner_sku": "3af92eba-b9bc-423e-a0a3-cdf2e6085c67", "price_currency": "USD", "price": "45.00", "num_in_stock": null, "num_allocated": null, "low_stock_threshold": null, "date_created": "2022-02-18T12:35:54.232Z", "date_updated": "2022-02-18T12:35:54.232Z"}}, {"model": "partner.stockrecord", "pk": 43, "fields": {"product": 57, "partner": 1, "partner_sku": "78c3faf9-b60f-43dd-a1ef-f2f037d11f07", "price_currency": "USD", "price": "5.00", "num_in_stock": null, "num_allocated": null, "low_stock_threshold": null, "date_created": "2022-02-18T12:35:54.232Z", "date_updated": "2022-02-18T12:35:54.232Z"}}, {"model": "partner.stockrecord", "pk": 44, "fields": {"product": 58, "partner": 1, "partner_sku": "e6c5126b-0294-4780-8af0-eccb6536ea49", "price_currency": "USD", "price": "20.00", "num_in_stock": null, "num_allocated": null, "low_stock_threshold": null, "date_created": "2022-02-18T12:35:54.232Z", "date_updated": "2022-02-18T12:35:54.232Z"}}, {"model": "partner.stockrecord", "pk": 45, "fields": {"product": 60, "partner": 1, "partner_sku": "48e946ae-d9dc-4499-9030-daf053e9acf2", "price_currency": "USD", "price": "5.00", "num_in_stock": null, "num_allocated": null, "low_stock_threshold": null, "date_created": "2022-02-18T12:35:54.232Z", "date_updated": "2022-02-18T12:35:54.232Z"}}, {"model": "partner.stockrecord", "pk": 46, "fields": {"product": 61, "partner": 1, "partner_sku": "d97c2260-1245-4bee-918c-a8866db64522", "price_currency": "USD", "price": "15.00", "num_in_stock": null, "num_allocated": null, "low_stock_threshold": null, "date_created": "2022-02-18T12:35:54.232Z", "date_updated": "2022-02-18T12:35:54.232Z"}}, {"model": "partner.stockrecord", "pk": 47, "fields": {"product": 62, "partner": 1, "partner_sku": "ddbc94fa-66d0-4ad6-b7bb-b2593fa401bf", "price_currency": "USD", "price": "25.00", "num_in_stock": null, "num_allocated": null, "low_stock_threshold": null, "date_created": "2022-02-18T12:35:54.233Z", "date_updated": "2022-02-18T12:35:54.233Z"}}, {"model": "partner.stockrecord", "pk": 48, "fields": {"product": 63, "partner": 1, "partner_sku": "15bd6d1b-8dd5-466e-8fe0-c50a100a35e8", "price_currency": "USD", "price": "40.00", "num_in_stock": null, "num_allocated": null, "low_stock_threshold": null, "date_created": "2022-02-18T12:35:54.233Z", "date_updated": "2022-02-18T12:35:54.233Z"}}, {"model": "partner.stockrecord", "pk": 49, "fields": {"product": 65, "partner": 1, "partner_sku": "92731f08-3ed1-40e2-a3eb-88c53f985925", "price_currency": "USD", "price": "5.00", "num_in_stock": null, "num_allocated": null, "low_stock_threshold": null, "date_created": "2022-02-18T12:35:54.233Z", "date_updated": "2022-02-18T12:35:54.233Z"}}, {"model": "partner.stockrecord", "pk": 50, "fields": {"product": 66, "partner": 1, "partner_sku": "cacb00d5-3451-4b5c-b575-9bb402101b2f", "price_currency": "USD", "price": "15.00", "num_in_stock": null, "num_allocated": null, "low_stock_threshold": null, "date_created": "2022-02-18T12:35:54.233Z", "date_updated": "2022-02-18T12:35:54.233Z"}}, {"model": "partner.stockrecord", "pk": 51, "fields": {"product": 67, "partner": 1, "partner_sku": "2702ecd3-d97f-4fa0-8ba7-4cec892b5b9b", "price_currency": "USD", "price": "25.00", "num_in_stock": null, "num_allocated": null, "low_stock_threshold": null, "date_created": "2022-02-18T12:35:54.233Z", "date_updated": "2022-02-18T12:35:54.233Z"}}, {"model": "partner.stockrecord", "pk": 52, "fields": {"product": 68, "partner": 1, "partner_sku": "efea66ca-aedd-467e-933c-bbc016feb250", "price_currency": "USD", "price": "60.00", "num_in_stock": null, "num_allocated": null, "low_stock_threshold": null, "date_created": "2022-02-18T12:35:54.233Z", "date_updated": "2022-02-18T12:35:54.233Z"}}, {"model": "partner.stockrecord", "pk": 53, "fields": {"product": 70, "partner": 1, "partner_sku": "4b95dbdf-bce0-4bb5-9b9a-a57b84ab3ca9", "price_currency": "USD", "price": "5.00", "num_in_stock": null, "num_allocated": null, "low_stock_threshold": null, "date_created": "2022-02-18T12:35:54.234Z", "date_updated": "2022-02-18T12:35:54.234Z"}}, {"model": "partner.stockrecord", "pk": 54, "fields": {"product": 71, "partner": 1, "partner_sku": "01ee0add-982e-4be4-85ba-5f8caa08aa1d", "price_currency": "USD", "price": "30.00", "num_in_stock": null, "num_allocated": null, "low_stock_threshold": null, "date_created": "2022-02-18T12:35:54.234Z", "date_updated": "2022-02-18T12:35:54.234Z"}}, {"model": "partner.stockrecord", "pk": 55, "fields": {"product": 73, "partner": 1, "partner_sku": "cc333b8e-c396-45eb-a4a3-94f1c51c6a3c", "price_currency": "USD", "price": "5.00", "num_in_stock": null, "num_allocated": null, "low_stock_threshold": null, "date_created": "2022-02-18T12:35:54.234Z", "date_updated": "2022-02-18T12:35:54.234Z"}}, {"model": "partner.stockrecord", "pk": 56, "fields": {"product": 74, "partner": 1, "partner_sku": "7e502002-70a5-4ca7-8172-b320628870fc", "price_currency": "USD", "price": "15.00", "num_in_stock": null, "num_allocated": null, "low_stock_threshold": null, "date_created": "2022-02-18T12:35:54.234Z", "date_updated": "2022-02-18T12:35:54.234Z"}}, {"model": "partner.stockrecord", "pk": 57, "fields": {"product": 75, "partner": 1, "partner_sku": "3b1c007f-0bc3-4745-9ec9-d2f5ecf872a2", "price_currency": "USD", "price": "25.00", "num_in_stock": null, "num_allocated": null, "low_stock_threshold": null, "date_created": "2022-02-18T12:35:54.234Z", "date_updated": "2022-02-18T12:35:54.234Z"}}, {"model": "partner.stockrecord", "pk": 58, "fields": {"product": 76, "partner": 1, "partner_sku": "ff613dbb-b04e-412c-8f92-1414819a4ee4", "price_currency": "USD", "price": "65.00", "num_in_stock": null, "num_allocated": null, "low_stock_threshold": null, "date_created": "2022-02-18T12:35:54.234Z", "date_updated": "2022-02-18T12:35:54.234Z"}}, {"model": "partner.stockrecord", "pk": 59, "fields": {"product": 78, "partner": 1, "partner_sku": "57d52136-9d51-47ba-9a66-24cecc08dc82", "price_currency": "USD", "price": "5.00", "num_in_stock": null, "num_allocated": null, "low_stock_threshold": null, "date_created": "2022-02-18T12:35:54.235Z", "date_updated": "2022-02-18T12:35:54.235Z"}}, {"model": "partner.stockrecord", "pk": 60, "fields": {"product": 79, "partner": 1, "partner_sku": "2b8a7e6e-f103-4279-b2cc-47b519c2bc9e", "price_currency": "USD", "price": "25.00", "num_in_stock": null, "num_allocated": null, "low_stock_threshold": null, "date_created": "2022-02-18T12:35:54.235Z", "date_updated": "2022-02-18T12:35:54.235Z"}}, {"model": "partner.stockrecord", "pk": 61, "fields": {"product": 80, "partner": 1, "partner_sku": "c2ee6797-2e61-4251-a195-5e3f5b5f1beb", "price_currency": "USD", "price": "15.00", "num_in_stock": null, "num_allocated": null, "low_stock_threshold": null, "date_created": "2022-02-18T12:35:54.235Z", "date_updated": "2022-02-18T12:35:54.235Z"}}, {"model": "partner.stockrecord", "pk": 62, "fields": {"product": 81, "partner": 1, "partner_sku": "28124bcf-7bf3-47ba-8281-d37ba1dd653d", "price_currency": "USD", "price": "60.00", "num_in_stock": null, "num_allocated": null, "low_stock_threshold": null, "date_created": "2022-02-18T12:35:54.235Z", "date_updated": "2022-02-18T12:35:54.235Z"}}, {"model": "partner.stockrecord", "pk": 63, "fields": {"product": 83, "partner": 1, "partner_sku": "5cdbf8cc-11c2-4f50-ae53-ed71ee22ee6a", "price_currency": "USD", "price": "5.00", "num_in_stock": null, "num_allocated": null, "low_stock_threshold": null, "date_created": "2022-02-18T12:35:54.235Z", "date_updated": "2022-02-18T12:35:54.235Z"}}, {"model": "partner.stockrecord", "pk": 64, "fields": {"product": 84, "partner": 1, "partner_sku": "64e01a1b-1311-4809-a412-4c764352a741", "price_currency": "USD", "price": "15.00", "num_in_stock": null, "num_allocated": null, "low_stock_threshold": null, "date_created": "2022-02-18T12:35:54.235Z", "date_updated": "2022-02-18T12:35:54.235Z"}}, {"model": "partner.stockrecord", "pk": 65, "fields": {"product": 85, "partner": 1, "partner_sku": "d3985238-bcb6-43ce-a4d7-12ed6632ebb9", "price_currency": "USD", "price": "25.00", "num_in_stock": null, "num_allocated": null, "low_stock_threshold": null, "date_created": "2022-02-18T12:35:54.236Z", "date_updated": "2022-02-18T12:35:54.236Z"}}, {"model": "partner.stockrecord", "pk": 66, "fields": {"product": 87, "partner": 1, "partner_sku": "3066bb84-3e1f-49a2-9ce1-87bddf8f6ba5", "price_currency": "USD", "price": "5.00", "num_in_stock": null, "num_allocated": null, "low_stock_threshold": null, "date_created": "2022-02-18T12:35:54.236Z", "date_updated": "2022-02-18T12:35:54.236Z"}}, {"model": "partner.stockrecord", "pk": 67, "fields": {"product": 88, "partner": 1, "partner_sku": "afa61969-d243-4d3f-bb2c-cb84b68b5bd2", "price_currency": "USD", "price": "15.00", "num_in_stock": null, "num_allocated": null, "low_stock_threshold": null, "date_created": "2022-02-18T12:35:54.236Z", "date_updated": "2022-02-18T12:35:54.236Z"}}, {"model": "partner.stockrecord", "pk": 68, "fields": {"product": 89, "partner": 1, "partner_sku": "4aa25dbb-f2bf-4208-adb0-0ce6060a2918", "price_currency": "USD", "price": "25.00", "num_in_stock": null, "num_allocated": null, "low_stock_threshold": null, "date_created": "2022-02-18T12:35:54.236Z", "date_updated": "2022-02-18T12:35:54.236Z"}}, {"model": "partner.stockrecord", "pk": 69, "fields": {"product": 91, "partner": 1, "partner_sku": "c0bb0649-2926-46f3-a41d-6cc1ffea9712", "price_currency": "USD", "price": "5.00", "num_in_stock": null, "num_allocated": null, "low_stock_threshold": null, "date_created": "2022-02-18T12:35:54.236Z", "date_updated": "2022-02-18T12:35:54.236Z"}}, {"model": "partner.stockrecord", "pk": 70, "fields": {"product": 92, "partner": 1, "partner_sku": "30698d91-b8aa-43da-902b-8a2807bd6c8f", "price_currency": "USD", "price": "25.00", "num_in_stock": null, "num_allocated": null, "low_stock_threshold": null, "date_created": "2022-02-18T12:35:54.237Z", "date_updated": "2022-02-18T12:35:54.237Z"}}, {"model": "partner.stockrecord", "pk": 71, "fields": {"product": 93, "partner": 1, "partner_sku": "c85e85c1-d2ab-4294-9d9b-677acde899d6", "price_currency": "USD", "price": "35.00", "num_in_stock": null, "num_allocated": null, "low_stock_threshold": null, "date_created": "2022-02-18T12:35:54.237Z", "date_updated": "2022-02-18T12:35:54.237Z"}}, {"model": "partner.stockrecord", "pk": 72, "fields": {"product": 95, "partner": 1, "partner_sku": "6ab30304-1967-4c23-9d97-17bcef5f1212", "price_currency": "USD", "price": "5.00", "num_in_stock": null, "num_allocated": null, "low_stock_threshold": null, "date_created": "2022-02-18T12:35:54.237Z", "date_updated": "2022-02-18T12:35:54.237Z"}}, {"model": "partner.stockrecord", "pk": 73, "fields": {"product": 96, "partner": 1, "partner_sku": "17da879d-b3f1-4649-8a7d-31bb6bfe5a69", "price_currency": "USD", "price": "20.00", "num_in_stock": null, "num_allocated": null, "low_stock_threshold": null, "date_created": "2022-02-18T12:35:54.237Z", "date_updated": "2022-02-18T12:35:54.237Z"}}, {"model": "partner.stockrecord", "pk": 74, "fields": {"product": 97, "partner": 1, "partner_sku": "8ec06c9a-6402-4fe8-bd17-7b5f1db178c7", "price_currency": "USD", "price": "30.00", "num_in_stock": null, "num_allocated": null, "low_stock_threshold": null, "date_created": "2022-02-18T12:35:54.237Z", "date_updated": "2022-02-18T12:35:54.237Z"}}, {"model": "partner.stockrecord", "pk": 75, "fields": {"product": 99, "partner": 1, "partner_sku": "b6b1cb04-345d-4d0c-8813-6cb6de07f2ca", "price_currency": "USD", "price": "5.00", "num_in_stock": null, "num_allocated": null, "low_stock_threshold": null, "date_created": "2022-02-18T12:35:54.238Z", "date_updated": "2022-02-18T12:35:54.238Z"}}, {"model": "partner.stockrecord", "pk": 76, "fields": {"product": 100, "partner": 1, "partner_sku": "47446d3b-2e4a-423b-806f-8e1407bbea09", "price_currency": "USD", "price": "20.00", "num_in_stock": null, "num_allocated": null, "low_stock_threshold": null, "date_created": "2022-02-18T12:35:54.238Z", "date_updated": "2022-02-18T12:35:54.238Z"}}, {"model": "partner.stockrecord", "pk": 77, "fields": {"product": 101, "partner": 1, "partner_sku": "3339eccb-1261-424b-a9ee-6e34b3e97c61", "price_currency": "USD", "price": "30.00", "num_in_stock": null, "num_allocated": null, "low_stock_threshold": null, "date_created": "2022-02-18T12:35:54.238Z", "date_updated": "2022-02-18T12:35:54.238Z"}}, {"model": "partner.stockrecord", "pk": 78, "fields": {"product": 102, "partner": 1, "partner_sku": "077f9a80-6528-48b1-93f2-de80eeaabe70", "price_currency": "USD", "price": "80.00", "num_in_stock": null, "num_allocated": null, "low_stock_threshold": null, "date_created": "2022-02-18T12:35:54.238Z", "date_updated": "2022-02-18T12:35:54.238Z"}}, {"model": "partner.stockrecord", "pk": 79, "fields": {"product": 104, "partner": 1, "partner_sku": "f7b8237a-16cf-4c22-9c34-e7c9606d426d", "price_currency": "USD", "price": "50.00", "num_in_stock": null, "num_allocated": null, "low_stock_threshold": null, "date_created": "2022-02-18T12:35:54.238Z", "date_updated": "2022-02-18T12:35:54.238Z"}}, {"model": "partner.stockrecord", "pk": 80, "fields": {"product": 105, "partner": 1, "partner_sku": "1ee21a6c-2f3b-4c78-a778-4b0b8192e15e", "price_currency": "USD", "price": "75.00", "num_in_stock": null, "num_allocated": null, "low_stock_threshold": null, "date_created": "2022-02-18T12:35:54.238Z", "date_updated": "2022-02-18T12:35:54.239Z"}}, {"model": "partner.stockrecord", "pk": 81, "fields": {"product": 107, "partner": 1, "partner_sku": "cb0d5bcc-f368-4891-9c9c-185ae5f3082c", "price_currency": "USD", "price": "5.00", "num_in_stock": null, "num_allocated": null, "low_stock_threshold": null, "date_created": "2022-02-18T12:35:54.239Z", "date_updated": "2022-02-18T12:35:54.239Z"}}, {"model": "partner.stockrecord", "pk": 82, "fields": {"product": 108, "partner": 1, "partner_sku": "a43001e6-06c3-45fd-b52c-a1774c8cb766", "price_currency": "USD", "price": "35.00", "num_in_stock": null, "num_allocated": null, "low_stock_threshold": null, "date_created": "2022-02-18T12:35:54.239Z", "date_updated": "2022-02-18T12:35:54.239Z"}}, {"model": "partner.stockrecord", "pk": 83, "fields": {"product": 109, "partner": 1, "partner_sku": "92bf8120-b500-44a7-87d1-e583bca7f8ee", "price_currency": "USD", "price": "55.00", "num_in_stock": null, "num_allocated": null, "low_stock_threshold": null, "date_created": "2022-02-18T12:35:54.239Z", "date_updated": "2022-02-18T12:35:54.239Z"}}, {"model": "partner.stockrecord", "pk": 84, "fields": {"product": 110, "partner": 1, "partner_sku": "458c1ecf-d2d8-470c-9556-2fe1bd8527e1", "price_currency": "USD", "price": "5.00", "num_in_stock": null, "num_allocated": null, "low_stock_threshold": null, "date_created": "2022-02-18T12:35:54.239Z", "date_updated": "2022-02-18T12:35:54.239Z"}}, {"model": "partner.stockrecord", "pk": 85, "fields": {"product": 112, "partner": 1, "partner_sku": "76467c27-a7ca-480f-beb1-476183dd388a", "price_currency": "USD", "price": "5.00", "num_in_stock": null, "num_allocated": null, "low_stock_threshold": null, "date_created": "2022-02-18T12:35:54.240Z", "date_updated": "2022-02-18T12:35:54.240Z"}}, {"model": "partner.stockrecord", "pk": 86, "fields": {"product": 113, "partner": 1, "partner_sku": "78fcddfc-4532-4392-815a-db4c840b45c9", "price_currency": "USD", "price": "20.00", "num_in_stock": null, "num_allocated": null, "low_stock_threshold": null, "date_created": "2022-02-18T12:35:54.240Z", "date_updated": "2022-02-18T12:35:54.240Z"}}, {"model": "partner.stockrecord", "pk": 87, "fields": {"product": 114, "partner": 1, "partner_sku": "68414f03-b3e3-421c-9029-7025f7466270", "price_currency": "USD", "price": "40.00", "num_in_stock": null, "num_allocated": null, "low_stock_threshold": null, "date_created": "2022-02-18T12:35:54.240Z", "date_updated": "2022-02-18T12:35:54.240Z"}}, {"model": "partner.stockrecord", "pk": 88, "fields": {"product": 115, "partner": 1, "partner_sku": "c66d67e4-2a99-4b55-96cb-c03e2eebdbb9", "price_currency": "USD", "price": "30.00", "num_in_stock": 0, "num_allocated": null, "low_stock_threshold": 5, "date_created": "2022-02-18T12:35:54.240Z", "date_updated": "2022-02-18T12:35:54.240Z"}}, {"model": "partner.stockrecord", "pk": 89, "fields": {"product": 116, "partner": 1, "partner_sku": "83b82ef8-6712-4e6f-840c-b944f432b408", "price_currency": "USD", "price": "5.00", "num_in_stock": 73, "num_allocated": null, "low_stock_threshold": 5, "date_created": "2022-02-18T12:35:54.240Z", "date_updated": "2022-02-18T12:35:54.240Z"}}, {"model": "partner.partner", "pk": 1, "fields": {"code": "dehy", "name": "DEHY", "users": []}}, {"model": "payment.source", "pk": 1, "fields": {"order": 4, "source_type": 1, "currency": "USD", "amount_allocated": "208.65", "amount_debited": "208.65", "amount_refunded": "0.00", "reference": "pi_3KaSmiLpSVHc8H4y08qOLN7Y", "label": ""}}, {"model": "payment.sourcetype", "pk": 1, "fields": {"name": "Stripe", "code": "stripe"}}, {"model": "sites.site", "pk": 1, "fields": {"domain": "example.com", "name": "example.com"}}, {"model": "analytics.productrecord", "pk": 1, "fields": {"product": 39, "num_views": 3, "num_basket_additions": 0, "num_purchases": 0, "score": 0.0}}, {"model": "analytics.productrecord", "pk": 2, "fields": {"product": 90, "num_views": 2, "num_basket_additions": 0, "num_purchases": 0, "score": 0.0}}, {"model": "analytics.productrecord", "pk": 3, "fields": {"product": 93, "num_views": 0, "num_basket_additions": 1, "num_purchases": 1, "score": 0.0}}, {"model": "analytics.productrecord", "pk": 4, "fields": {"product": 43, "num_views": 6, "num_basket_additions": 0, "num_purchases": 0, "score": 0.0}}, {"model": "analytics.productrecord", "pk": 5, "fields": {"product": 44, "num_views": 0, "num_basket_additions": 2, "num_purchases": 1, "score": 0.0}}, {"model": "analytics.productrecord", "pk": 6, "fields": {"product": 64, "num_views": 4, "num_basket_additions": 0, "num_purchases": 0, "score": 0.0}}, {"model": "analytics.productrecord", "pk": 7, "fields": {"product": 56, "num_views": 3, "num_basket_additions": 0, "num_purchases": 0, "score": 0.0}}, {"model": "analytics.productrecord", "pk": 8, "fields": {"product": 1, "num_views": 21, "num_basket_additions": 0, "num_purchases": 0, "score": 0.0}}, {"model": "analytics.productrecord", "pk": 9, "fields": {"product": 77, "num_views": 2, "num_basket_additions": 0, "num_purchases": 0, "score": 0.0}}, {"model": "analytics.productrecord", "pk": 10, "fields": {"product": 116, "num_views": 0, "num_basket_additions": 1, "num_purchases": 0, "score": 0.0}}, {"model": "analytics.productrecord", "pk": 11, "fields": {"product": 94, "num_views": 2, "num_basket_additions": 0, "num_purchases": 0, "score": 0.0}}, {"model": "analytics.productrecord", "pk": 12, "fields": {"product": 95, "num_views": 0, "num_basket_additions": 1, "num_purchases": 0, "score": 0.0}}, {"model": "analytics.productrecord", "pk": 13, "fields": {"product": 6, "num_views": 5, "num_basket_additions": 0, "num_purchases": 0, "score": 0.0}}, {"model": "analytics.productrecord", "pk": 14, "fields": {"product": 10, "num_views": 0, "num_basket_additions": 2, "num_purchases": 2, "score": 0.0}}, {"model": "analytics.productrecord", "pk": 15, "fields": {"product": 21, "num_views": 4, "num_basket_additions": 0, "num_purchases": 0, "score": 0.0}}, {"model": "analytics.productrecord", "pk": 16, "fields": {"product": 24, "num_views": 0, "num_basket_additions": 2, "num_purchases": 0, "score": 0.0}}, {"model": "analytics.productrecord", "pk": 17, "fields": {"product": 45, "num_views": 0, "num_basket_additions": 1, "num_purchases": 0, "score": 0.0}}, {"model": "analytics.productrecord", "pk": 18, "fields": {"product": 4, "num_views": 0, "num_basket_additions": 2, "num_purchases": 0, "score": 0.0}}, {"model": "analytics.productrecord", "pk": 19, "fields": {"product": 11, "num_views": 2, "num_basket_additions": 0, "num_purchases": 0, "score": 0.0}}, {"model": "analytics.productrecord", "pk": 20, "fields": {"product": 12, "num_views": 0, "num_basket_additions": 1, "num_purchases": 0, "score": 0.0}}, {"model": "analytics.productrecord", "pk": 21, "fields": {"product": 3, "num_views": 0, "num_basket_additions": 3, "num_purchases": 0, "score": 0.0}}, {"model": "analytics.productrecord", "pk": 22, "fields": {"product": 5, "num_views": 0, "num_basket_additions": 1, "num_purchases": 0, "score": 0.0}}, {"model": "analytics.productrecord", "pk": 23, "fields": {"product": 16, "num_views": 24, "num_basket_additions": 0, "num_purchases": 0, "score": 0.0}}, {"model": "analytics.productrecord", "pk": 24, "fields": {"product": 19, "num_views": 0, "num_basket_additions": 1, "num_purchases": 1, "score": 0.0}}, {"model": "analytics.productrecord", "pk": 25, "fields": {"product": 42, "num_views": 0, "num_basket_additions": 1, "num_purchases": 0, "score": 0.0}}, {"model": "analytics.userrecord", "pk": 1, "fields": {"user": 1, "num_product_views": 21, "num_basket_additions": 1, "num_orders": 1, "num_order_lines": 4, "num_order_items": 5, "total_spent": "208.65", "date_last_order": "2022-03-06T22:42:48.339Z"}}, {"model": "analytics.userproductview", "pk": 1, "fields": {"user": 1, "product": 39, "date_created": "2022-02-18T18:40:07.484Z"}}, {"model": "analytics.userproductview", "pk": 2, "fields": {"user": 1, "product": 90, "date_created": "2022-02-18T18:44:58.095Z"}}, {"model": "analytics.userproductview", "pk": 3, "fields": {"user": 1, "product": 90, "date_created": "2022-02-18T18:45:01.126Z"}}, {"model": "analytics.userproductview", "pk": 4, "fields": {"user": 1, "product": 64, "date_created": "2022-02-19T02:27:16.237Z"}}, {"model": "analytics.userproductview", "pk": 5, "fields": {"user": 1, "product": 64, "date_created": "2022-02-19T02:29:15.671Z"}}, {"model": "analytics.userproductview", "pk": 6, "fields": {"user": 1, "product": 56, "date_created": "2022-02-19T02:33:56.590Z"}}, {"model": "analytics.userproductview", "pk": 7, "fields": {"user": 1, "product": 64, "date_created": "2022-02-19T15:50:37.536Z"}}, {"model": "analytics.userproductview", "pk": 8, "fields": {"user": 1, "product": 64, "date_created": "2022-02-19T16:01:41.643Z"}}, {"model": "analytics.userproductview", "pk": 9, "fields": {"user": 1, "product": 1, "date_created": "2022-02-19T16:02:37.488Z"}}, {"model": "analytics.userproductview", "pk": 10, "fields": {"user": 1, "product": 1, "date_created": "2022-02-19T16:06:56.048Z"}}, {"model": "analytics.userproductview", "pk": 11, "fields": {"user": 1, "product": 1, "date_created": "2022-02-19T16:08:56.595Z"}}, {"model": "analytics.userproductview", "pk": 12, "fields": {"user": 1, "product": 1, "date_created": "2022-02-19T16:46:13.551Z"}}, {"model": "analytics.userproductview", "pk": 13, "fields": {"user": 1, "product": 1, "date_created": "2022-02-19T16:46:45.660Z"}}, {"model": "analytics.userproductview", "pk": 14, "fields": {"user": 1, "product": 1, "date_created": "2022-02-19T16:53:17.583Z"}}, {"model": "analytics.userproductview", "pk": 15, "fields": {"user": 1, "product": 1, "date_created": "2022-02-19T16:53:58.179Z"}}, {"model": "analytics.userproductview", "pk": 16, "fields": {"user": 1, "product": 1, "date_created": "2022-02-19T16:54:57.868Z"}}, {"model": "analytics.userproductview", "pk": 17, "fields": {"user": 1, "product": 1, "date_created": "2022-02-19T16:55:13.755Z"}}, {"model": "analytics.userproductview", "pk": 18, "fields": {"user": 1, "product": 77, "date_created": "2022-02-19T19:31:01.987Z"}}, {"model": "analytics.userproductview", "pk": 19, "fields": {"user": 1, "product": 56, "date_created": "2022-02-19T19:48:12.829Z"}}, {"model": "analytics.userproductview", "pk": 20, "fields": {"user": 1, "product": 56, "date_created": "2022-02-19T19:48:25.753Z"}}, {"model": "analytics.userproductview", "pk": 21, "fields": {"user": 1, "product": 77, "date_created": "2022-03-08T20:07:42.248Z"}}, {"model": "offer.conditionaloffer", "pk": 1, "fields": {"name": "Free Shipping", "slug": "free-shipping", "description": "Free Shipping for orders over $50", "offer_type": "Site", "exclusive": true, "status": "Open", "condition": 1, "benefit": 1, "priority": 0, "start_datetime": "2022-02-24T18:54:17Z", "end_datetime": null, "max_global_applications": null, "max_user_applications": null, "max_basket_applications": null, "max_discount": null, "total_discount": "15.00", "num_applications": 1, "num_orders": 1, "redirect_url": "", "date_created": "2022-02-24T18:54:50.544Z", "combinations": []}}, {"model": "offer.benefit", "pk": 1, "fields": {"range": null, "type": "Shipping absolute", "value": "15.00", "max_affected_items": null, "proxy_class": ""}}, {"model": "offer.condition", "pk": 1, "fields": {"range": 1, "type": "Value", "value": "50.00", "proxy_class": ""}}, {"model": "offer.range", "pk": 1, "fields": {"name": "ALL PRODUCTS", "slug": "whole-catalogue", "description": "This range represents all products sold in the shop", "is_public": false, "includes_all_products": true, "proxy_class": "", "date_created": "2022-02-24T18:53:39.699Z", "excluded_products": [], "classes": [], "included_categories": []}}, {"model": "thumbnail.kvstore", "pk": "sorl-thumbnail||image||00ef98dd4f11ca0c7f78222ca251ca9c", "fields": {"value": "{\"name\": \"cache/bf/f3/bff3952794782b19d8acddc9d4c290ec.jpg\", \"storage\": \"django.core.files.storage.FileSystemStorage\", \"size\": [1000, 667]}"}}, {"model": "thumbnail.kvstore", "pk": "sorl-thumbnail||image||029095a2f9e3142d080bbcb50083d4cb", "fields": {"value": "{\"name\": \"cache/a1/92/a19233262aa854e8109cebb4fa5e3c03.jpg\", \"storage\": \"django.core.files.storage.FileSystemStorage\", \"size\": [1000, 668]}"}}, {"model": "thumbnail.kvstore", "pk": "sorl-thumbnail||image||0321b271572f2ecece91e0337b0b6ebe", "fields": {"value": "{\"name\": \"cache/b2/77/b277cf28bea0fc74784af924f060a7a4.jpg\", \"storage\": \"django.core.files.storage.FileSystemStorage\", \"size\": [65, 55]}"}}, {"model": "thumbnail.kvstore", "pk": "sorl-thumbnail||image||0413753f76609b2a4345631955383604", "fields": {"value": "{\"name\": \"cache/b7/ce/b7ce42224d04a9170ec75769fcd3a63b.jpg\", \"storage\": \"django.core.files.storage.FileSystemStorage\", \"size\": [70, 47]}"}}, {"model": "thumbnail.kvstore", "pk": "sorl-thumbnail||image||046668fd9e2ae92559ea1899dfb0cdb4", "fields": {"value": "{\"name\": \"cache/43/b5/43b547babb544a8f0aa4a72378c6007e.jpg\", \"storage\": \"django.core.files.storage.FileSystemStorage\", \"size\": [1000, 667]}"}}, {"model": "thumbnail.kvstore", "pk": "sorl-thumbnail||image||04a7cdf8e1a3dbac384e614b365d75d4", "fields": {"value": "{\"name\": \"images/products/apple/apple_jar.jpg\", \"storage\": \"django.core.files.storage.FileSystemStorage\", \"size\": [2500, 1667]}"}}, {"model": "thumbnail.kvstore", "pk": "sorl-thumbnail||image||05e206b0e3cba2161229cd47a24f8ce1", "fields": {"value": "{\"name\": \"cache/27/86/278636dc257a3b307d547cd6fc0b5def.jpg\", \"storage\": \"django.core.files.storage.FileSystemStorage\", \"size\": [1000, 667]}"}}, {"model": "thumbnail.kvstore", "pk": "sorl-thumbnail||image||06722c3d1f5e7d96e4b64c58ce376731", "fields": {"value": "{\"name\": \"cache/0a/32/0a32e2ea42c34357c1d4a198c6e6cb15.jpg\", \"storage\": \"django.core.files.storage.FileSystemStorage\", \"size\": [1000, 1000]}"}}, {"model": "thumbnail.kvstore", "pk": "sorl-thumbnail||image||0689265d26afc080b677039352cc1ede", "fields": {"value": "{\"name\": \"cache/6a/f8/6af80288efd2cead6e5c20bd43f57155.jpg\", \"storage\": \"django.core.files.storage.FileSystemStorage\", \"size\": [1000, 667]}"}}, {"model": "thumbnail.kvstore", "pk": "sorl-thumbnail||image||06e19317ec78bd96a34f10e010dcffaa", "fields": {"value": "{\"name\": \"images/recipes/dirty-martini/dry_martini_jsLK4Oo.jpeg\", \"storage\": \"django.core.files.storage.FileSystemStorage\", \"size\": [720, 720]}"}}, {"model": "thumbnail.kvstore", "pk": "sorl-thumbnail||image||0710ce9dc680a375ea11fb40aa79cff1", "fields": {"value": "{\"name\": \"cache/4c/2c/4c2cdd3ed22ba27d668b2aecfa510c43.jpg\", \"storage\": \"django.core.files.storage.FileSystemStorage\", \"size\": [1000, 667]}"}}, {"model": "thumbnail.kvstore", "pk": "sorl-thumbnail||image||097c6bdb72ba8ffa453e2a8ea73db898", "fields": {"value": "{\"name\": \"images/products/orange_petals/orange_petal_alt.jpg\", \"storage\": \"django.core.files.storage.FileSystemStorage\", \"size\": [2500, 1668]}"}}, {"model": "thumbnail.kvstore", "pk": "sorl-thumbnail||image||09e03655ed7324ed2a950098af485c82", "fields": {"value": "{\"name\": \"cache/1c/46/1c468c6e2a8f74d2682fc9b3aeff1dec.jpg\", \"storage\": \"django.core.files.storage.FileSystemStorage\", \"size\": [65, 55]}"}}, {"model": "thumbnail.kvstore", "pk": "sorl-thumbnail||image||0a0bd4e225d6f194d9eab7d09c5ccc95", "fields": {"value": "{\"name\": \"cache/ea/44/ea44004b42e35ff2c458678bccb4b438.jpg\", \"storage\": \"django.core.files.storage.FileSystemStorage\", \"size\": [440, 294]}"}}, {"model": "thumbnail.kvstore", "pk": "sorl-thumbnail||image||0b43b6ce2a4e5d9a291f8c4c9723dbd1", "fields": {"value": "{\"name\": \"cache/73/49/7349cb0aaf19f06728b6ea6951441bdd.jpg\", \"storage\": \"django.core.files.storage.FileSystemStorage\", \"size\": [1000, 668]}"}}, {"model": "thumbnail.kvstore", "pk": "sorl-thumbnail||image||0b883e9523386e0d9b7843333c992710", "fields": {"value": "{\"name\": \"images/products/lemon_petals/lemon_petals_jar.jpg\", \"storage\": \"django.core.files.storage.FileSystemStorage\", \"size\": [2500, 1667]}"}}, {"model": "thumbnail.kvstore", "pk": "sorl-thumbnail||image||0b8a265a099baebeee9292cfb7641871", "fields": {"value": "{\"name\": \"cache/8b/6c/8b6cffe9a7f03389290270a89d8c72fe.jpg\", \"storage\": \"django.core.files.storage.FileSystemStorage\", \"size\": [1000, 667]}"}}, {"model": "thumbnail.kvstore", "pk": "sorl-thumbnail||image||0bf1a0be1d616cef8d4a2ffd56e76cf1", "fields": {"value": "{\"name\": \"cache/d3/48/d348b5156d7a5d468e8244c95c0f530d.jpg\", \"storage\": \"django.core.files.storage.FileSystemStorage\", \"size\": [1000, 667]}"}}, {"model": "thumbnail.kvstore", "pk": "sorl-thumbnail||image||0d31f6aa69c273a6810907c21d971fea", "fields": {"value": "{\"name\": \"images/products/lime_petals/lime_petal_3pc.jpg\", \"storage\": \"django.core.files.storage.FileSystemStorage\", \"size\": [2500, 1668]}"}}, {"model": "thumbnail.kvstore", "pk": "sorl-thumbnail||image||0e1cd830a12270248c77b7742b918b1e", "fields": {"value": "{\"name\": \"cache/9c/51/9c510bc3e6d9dc48f16a55191373ecef.jpg\", \"storage\": \"django.core.files.storage.FileSystemStorage\", \"size\": [1000, 667]}"}}, {"model": "thumbnail.kvstore", "pk": "sorl-thumbnail||image||0ea832ec566257f1a0e4d459761b5f14", "fields": {"value": "{\"name\": \"cache/15/c2/15c219ced4c97e32d37ea24d3d4a2607.jpg\", \"storage\": \"django.core.files.storage.FileSystemStorage\", \"size\": [65, 55]}"}}, {"model": "thumbnail.kvstore", "pk": "sorl-thumbnail||image||106a5a12589735ad4503fc0193442ab5", "fields": {"value": "{\"name\": \"images/products/blood_orange_fine_cuts/blood_orange_fine_3pc.jpg\", \"storage\": \"django.core.files.storage.FileSystemStorage\", \"size\": [2500, 1669]}"}}, {"model": "thumbnail.kvstore", "pk": "sorl-thumbnail||image||126b6d7348b0f968ca2f15402ec1d49f", "fields": {"value": "{\"name\": \"cache/51/bf/51bf50c282e350b92432166a3830543a.jpg\", \"storage\": \"django.core.files.storage.FileSystemStorage\", \"size\": [1000, 667]}"}}, {"model": "thumbnail.kvstore", "pk": "sorl-thumbnail||image||162598725b7599d40f16a7f1ffbed5ce", "fields": {"value": "{\"name\": \"cache/ee/a8/eea817f2acd092b7284a8bde2f32d99c.jpg\", \"storage\": \"django.core.files.storage.FileSystemStorage\", \"size\": [65, 55]}"}}, {"model": "thumbnail.kvstore", "pk": "sorl-thumbnail||image||178b9c4586cf155e86d51c44b838b09a", "fields": {"value": "{\"name\": \"cache/3b/58/3b5872943479a74cd66da5d832752925.jpg\", \"storage\": \"django.core.files.storage.FileSystemStorage\", \"size\": [100, 67]}"}}, {"model": "thumbnail.kvstore", "pk": "sorl-thumbnail||image||17c22b1bae1f784e1ca3095d9237d365", "fields": {"value": "{\"name\": \"images/products/hand_cut_roses/roses_jar.jpg\", \"storage\": \"django.core.files.storage.FileSystemStorage\", \"size\": [2500, 1667]}"}}, {"model": "thumbnail.kvstore", "pk": "sorl-thumbnail||image||19a67f841f389dc7c5c942deb3940cd2", "fields": {"value": "{\"name\": \"cache/4f/b9/4fb9fa2da99f33e41368af4bedbd139d.jpg\", \"storage\": \"django.core.files.storage.FileSystemStorage\", \"size\": [65, 55]}"}}, {"model": "thumbnail.kvstore", "pk": "sorl-thumbnail||image||1c426d2d6bc116123030e516b642a1e9", "fields": {"value": "{\"name\": \"cache/5a/33/5a33bf48cad76cab456df40ff98f2840.jpg\", \"storage\": \"django.core.files.storage.FileSystemStorage\", \"size\": [70, 47]}"}}, {"model": "thumbnail.kvstore", "pk": "sorl-thumbnail||image||1c6684abdc9a5dfb5c614c9aef2de479", "fields": {"value": "{\"name\": \"cache/91/89/91891b1803f8a41ba2d5521741d37d90.jpg\", \"storage\": \"django.core.files.storage.FileSystemStorage\", \"size\": [1000, 668]}"}}, {"model": "thumbnail.kvstore", "pk": "sorl-thumbnail||image||1dacf46cf289f7b99608931d7b79b8b7", "fields": {"value": "{\"name\": \"cache/d7/86/d78662f2396ed55ffb5ccc5b9ead0438.jpg\", \"storage\": \"django.core.files.storage.FileSystemStorage\", \"size\": [70, 47]}"}}, {"model": "thumbnail.kvstore", "pk": "sorl-thumbnail||image||1df39aa2d07ba659ccd1a7a669b07a59", "fields": {"value": "{\"name\": \"images/products/lemon_rough_cuts/lemon_rough_3pc.jpg\", \"storage\": \"django.core.files.storage.FileSystemStorage\", \"size\": [2500, 1668]}"}}, {"model": "thumbnail.kvstore", "pk": "sorl-thumbnail||image||1ee9b9d6fd3925ca70bc7ac98fe730a3", "fields": {"value": "{\"name\": \"images/products/persimmon/persimmon_3pc.jpg\", \"storage\": \"django.core.files.storage.FileSystemStorage\", \"size\": [2500, 1668]}"}}, {"model": "thumbnail.kvstore", "pk": "sorl-thumbnail||image||1eef12c384bcaa879942ffabd5564ce8", "fields": {"value": "{\"name\": \"cache/d9/d1/d9d1091cd56966c101b8807292878e76.jpg\", \"storage\": \"django.core.files.storage.FileSystemStorage\", \"size\": [1000, 667]}"}}, {"model": "thumbnail.kvstore", "pk": "sorl-thumbnail||image||2081284d5ea16a96f38f691afcf8bcf6", "fields": {"value": "{\"name\": \"cache/7e/96/7e96b411799c292f7202ffaa09233be2.jpg\", \"storage\": \"django.core.files.storage.FileSystemStorage\", \"size\": [1000, 667]}"}}, {"model": "thumbnail.kvstore", "pk": "sorl-thumbnail||image||21d1b97fe8ac68afd0f576c2c13afb6f", "fields": {"value": "{\"name\": \"images/products/lime_fine_cuts/lime_fine_3pc.jpg\", \"storage\": \"django.core.files.storage.FileSystemStorage\", \"size\": [2500, 1669]}"}}, {"model": "thumbnail.kvstore", "pk": "sorl-thumbnail||image||223e1437c9287bd565e336db5ab3446f", "fields": {"value": "{\"name\": \"cache/84/b2/84b26674ea94b58200dda818ded158b6.jpg\", \"storage\": \"django.core.files.storage.FileSystemStorage\", \"size\": [1000, 668]}"}}, {"model": "thumbnail.kvstore", "pk": "sorl-thumbnail||image||24bab6f52e6b442a7b06b81b1637ef93", "fields": {"value": "{\"name\": \"cache/74/96/74967018e9114bd56f377a14be241dd4.jpg\", \"storage\": \"django.core.files.storage.FileSystemStorage\", \"size\": [1000, 667]}"}}, {"model": "thumbnail.kvstore", "pk": "sorl-thumbnail||image||251c21bff57885892cc2da566e6d66c9", "fields": {"value": "{\"name\": \"cache/fb/6d/fb6df1c6b8ccd9e58c877261a4f82177.jpg\", \"storage\": \"django.core.files.storage.FileSystemStorage\", \"size\": [1000, 668]}"}}, {"model": "thumbnail.kvstore", "pk": "sorl-thumbnail||image||2649dab842ea3b2108fb6b438e3adb9b", "fields": {"value": "{\"name\": \"images/products/blood_orange_rough_cuts/blood_orange_rough_cut_jar.jpg\", \"storage\": \"django.core.files.storage.FileSystemStorage\", \"size\": [2500, 1667]}"}}, {"model": "thumbnail.kvstore", "pk": "sorl-thumbnail||image||2952b7d8796dd715cc959cf2da71d1db", "fields": {"value": "{\"name\": \"cache/a2/91/a29124cd17f70d3ca805fdf429f44a04.jpg\", \"storage\": \"django.core.files.storage.FileSystemStorage\", \"size\": [70, 47]}"}}, {"model": "thumbnail.kvstore", "pk": "sorl-thumbnail||image||2a5de6cc180fe6d008161d5143e217a1", "fields": {"value": "{\"name\": \"cache/9f/ad/9fad47a023c69ad24997ab5d3e92d5b2.jpg\", \"storage\": \"django.core.files.storage.FileSystemStorage\", \"size\": [65, 55]}"}}, {"model": "thumbnail.kvstore", "pk": "sorl-thumbnail||image||2b01c2ef908df10b422c2832a3a96f15", "fields": {"value": "{\"name\": \"cache/54/f2/54f2c61ff2ecf084261210fd194164eb.jpg\", \"storage\": \"django.core.files.storage.FileSystemStorage\", \"size\": [1000, 667]}"}}, {"model": "thumbnail.kvstore", "pk": "sorl-thumbnail||image||2de97a4ca903fbba72033927ce0f4761", "fields": {"value": "{\"name\": \"cache/2f/c1/2fc1df3b7be8772cbbc24cba256fe6c2.jpg\", \"storage\": \"django.core.files.storage.FileSystemStorage\", \"size\": [1000, 667]}"}}, {"model": "thumbnail.kvstore", "pk": "sorl-thumbnail||image||2e0b469d12a870859144b574da885e1c", "fields": {"value": "{\"name\": \"cache/0f/06/0f0623a0bbb5acf21fd2bfe31ce0e1ff.jpg\", \"storage\": \"django.core.files.storage.FileSystemStorage\", \"size\": [1000, 667]}"}}, {"model": "thumbnail.kvstore", "pk": "sorl-thumbnail||image||2f5c3e88aa2a50cb91954ab490d86589", "fields": {"value": "{\"name\": \"cache/41/9f/419fbe8c0092906fc57ab8db1fe44eff.jpg\", \"storage\": \"django.core.files.storage.FileSystemStorage\", \"size\": [200, 203]}"}}, {"model": "thumbnail.kvstore", "pk": "sorl-thumbnail||image||2faeaf0c03828c148c1bf71db5bdaff1", "fields": {"value": "{\"name\": \"cache/93/ef/93ef2609d8c098f763c7c2f0bd2e789b.jpg\", \"storage\": \"django.core.files.storage.FileSystemStorage\", \"size\": [65, 55]}"}}, {"model": "thumbnail.kvstore", "pk": "sorl-thumbnail||image||333d9bc5d06398a67bb04eb910e0936c", "fields": {"value": "{\"name\": \"image_not_found.jpg\", \"storage\": \"django.core.files.storage.FileSystemStorage\", \"size\": [400, 300]}"}}, {"model": "thumbnail.kvstore", "pk": "sorl-thumbnail||image||3400c23e9d835a293b024d39e480b5f0", "fields": {"value": "{\"name\": \"images/products/sphinx_hat/sphinx_hat_front.jpg\", \"storage\": \"django.core.files.storage.FileSystemStorage\", \"size\": [2500, 2500]}"}}, {"model": "thumbnail.kvstore", "pk": "sorl-thumbnail||image||3466a766ba5d66e1863e07a66114578a", "fields": {"value": "{\"name\": \"cache/60/8a/608a41f53d96d092a2b99ce79678447d.jpg\", \"storage\": \"django.core.files.storage.FileSystemStorage\", \"size\": [1000, 667]}"}}, {"model": "thumbnail.kvstore", "pk": "sorl-thumbnail||image||354b03f9ca35baea243b9cd86059d4d2", "fields": {"value": "{\"name\": \"cache/ac/81/ac817218fb2c7edbbfc405560a2502ee.jpg\", \"storage\": \"django.core.files.storage.FileSystemStorage\", \"size\": [1000, 667]}"}}, {"model": "thumbnail.kvstore", "pk": "sorl-thumbnail||image||3625a13214da6988187a45982c62f212", "fields": {"value": "{\"name\": \"cache/99/a6/99a669fa3f823d95fdb9aac0b28e9023.jpg\", \"storage\": \"django.core.files.storage.FileSystemStorage\", \"size\": [200, 200]}"}}, {"model": "thumbnail.kvstore", "pk": "sorl-thumbnail||image||36a707c68d9ac0c9de95f858c438ee84", "fields": {"value": "{\"name\": \"images/products/blood_orange_fine_cuts/blood_orange_fine_alt.jpg\", \"storage\": \"django.core.files.storage.FileSystemStorage\", \"size\": [2500, 1668]}"}}, {"model": "thumbnail.kvstore", "pk": "sorl-thumbnail||image||36a81e83b31442f22d382ae56eb04fbc", "fields": {"value": "{\"name\": \"cache/c1/b6/c1b6f58f65bcc4e08a6183b0d14bd585.jpg\", \"storage\": \"django.core.files.storage.FileSystemStorage\", \"size\": [1000, 668]}"}}, {"model": "thumbnail.kvstore", "pk": "sorl-thumbnail||image||372f4a404a4d523da8150838471eaf2b", "fields": {"value": "{\"name\": \"images/products/pear/pear_alt.jpg\", \"storage\": \"django.core.files.storage.FileSystemStorage\", \"size\": [2500, 1669]}"}}, {"model": "thumbnail.kvstore", "pk": "sorl-thumbnail||image||3c18c49e24081370bddf49a58008e282", "fields": {"value": "{\"name\": \"images/products/lemon_rough_cuts/lemon_rough_cut_jar.jpg\", \"storage\": \"django.core.files.storage.FileSystemStorage\", \"size\": [2500, 1667]}"}}, {"model": "thumbnail.kvstore", "pk": "sorl-thumbnail||image||3ca593553f684462dc8e0fdc513c7919", "fields": {"value": "{\"name\": \"cache/45/0e/450e97ec2cd9969d58ee28fcd7688995.jpg\", \"storage\": \"django.core.files.storage.FileSystemStorage\", \"size\": [65, 55]}"}}, {"model": "thumbnail.kvstore", "pk": "sorl-thumbnail||image||3d0215f1ff02d970918704e1c702a970", "fields": {"value": "{\"name\": \"cache/67/16/671659473731018664a248c62bdf8d13.jpg\", \"storage\": \"django.core.files.storage.FileSystemStorage\", \"size\": [440, 294]}"}}, {"model": "thumbnail.kvstore", "pk": "sorl-thumbnail||image||3d10cf63ec1e5c768a8a46cd9f83fcc0", "fields": {"value": "{\"name\": \"cache/d2/dc/d2dc7f2f2c56b6881dcabf8fe3245244.jpg\", \"storage\": \"django.core.files.storage.FileSystemStorage\", \"size\": [1000, 667]}"}}, {"model": "thumbnail.kvstore", "pk": "sorl-thumbnail||image||3f09de5b06c57cdffd8813a7faa3f0d2", "fields": {"value": "{\"name\": \"images/products/lemon_fine_cuts/lemon_fine_3pc.jpg\", \"storage\": \"django.core.files.storage.FileSystemStorage\", \"size\": [2500, 1668]}"}}, {"model": "thumbnail.kvstore", "pk": "sorl-thumbnail||image||416f32756f98a6eedee18938327d8f40", "fields": {"value": "{\"name\": \"cache/8c/cf/8ccfa44a59019ea7021947dc4cc1e369.jpg\", \"storage\": \"django.core.files.storage.FileSystemStorage\", \"size\": [70, 47]}"}}, {"model": "thumbnail.kvstore", "pk": "sorl-thumbnail||image||44a79bbe2194426d8d2a5e0a994c4474", "fields": {"value": "{\"name\": \"images/products/blood_orange_rough_cuts/blood_orange_rough_3pc.jpg\", \"storage\": \"django.core.files.storage.FileSystemStorage\", \"size\": [2500, 1668]}"}}, {"model": "thumbnail.kvstore", "pk": "sorl-thumbnail||image||46ffac0df7fed08fc6e40fd7984de4a6", "fields": {"value": "{\"name\": \"cache/82/37/8237b52c12cfa37873b40755124c9441.jpg\", \"storage\": \"django.core.files.storage.FileSystemStorage\", \"size\": [400, 400]}"}}, {"model": "thumbnail.kvstore", "pk": "sorl-thumbnail||image||4719d21ea7925239e2133cb7c727fa12", "fields": {"value": "{\"name\": \"cache/58/0f/580f5af48bc29074abd56e7a538e70e2.jpg\", \"storage\": \"django.core.files.storage.FileSystemStorage\", \"size\": [65, 55]}"}}, {"model": "thumbnail.kvstore", "pk": "sorl-thumbnail||image||4755c312eaf466bd4eecc5a2c56925dd", "fields": {"value": "{\"name\": \"images/products/dragon_fruit_white/dragonfruit_white_alt.jpg\", \"storage\": \"django.core.files.storage.FileSystemStorage\", \"size\": [2500, 1668]}"}}, {"model": "thumbnail.kvstore", "pk": "sorl-thumbnail||image||49632c7805e4018fe344c9bebba8702f", "fields": {"value": "{\"name\": \"cache/cc/80/cc80ccd5fe1439f6f88317c85bdd23ac.jpg\", \"storage\": \"django.core.files.storage.FileSystemStorage\", \"size\": [1000, 667]}"}}, {"model": "thumbnail.kvstore", "pk": "sorl-thumbnail||image||4a35b0f34362995edb11c8ae34c58741", "fields": {"value": "{\"name\": \"images/products/orange_rough_cuts/orange_rough_cuts_jar.jpg\", \"storage\": \"django.core.files.storage.FileSystemStorage\", \"size\": [2500, 1667]}"}}, {"model": "thumbnail.kvstore", "pk": "sorl-thumbnail||image||4ad81bed03fae08c8e1736cbab00580d", "fields": {"value": "{\"name\": \"cache/a9/fa/a9faf009c4906594b86bdf523c0b44dc.jpg\", \"storage\": \"django.core.files.storage.FileSystemStorage\", \"size\": [1000, 1000]}"}}, {"model": "thumbnail.kvstore", "pk": "sorl-thumbnail||image||4c16d9ef9cc0a06cab067698946f09aa", "fields": {"value": "{\"name\": \"cache/d2/de/d2deaac86db20b9335e3443e735732ac.jpg\", \"storage\": \"django.core.files.storage.FileSystemStorage\", \"size\": [65, 55]}"}}, {"model": "thumbnail.kvstore", "pk": "sorl-thumbnail||image||4c3ab7ee6877ca4975ca4b6d05d83200", "fields": {"value": "{\"name\": \"cache/73/55/7355ff135cc777d52d7c8b963a486fc4.jpg\", \"storage\": \"django.core.files.storage.FileSystemStorage\", \"size\": [70, 47]}"}}, {"model": "thumbnail.kvstore", "pk": "sorl-thumbnail||image||4f83a026f8ffb79fbb05d35ba29f5a95", "fields": {"value": "{\"name\": \"cache/94/ae/94aeeb917bd38ac5d76cbccd29dbdad5.jpg\", \"storage\": \"django.core.files.storage.FileSystemStorage\", \"size\": [1000, 667]}"}}, {"model": "thumbnail.kvstore", "pk": "sorl-thumbnail||image||5055bfc021dd5678abc102db8d374634", "fields": {"value": "{\"name\": \"cache/8a/f9/8af951be40145f688ba79f28dd6262be.jpg\", \"storage\": \"django.core.files.storage.FileSystemStorage\", \"size\": [65, 55]}"}}, {"model": "thumbnail.kvstore", "pk": "sorl-thumbnail||image||50e2aae41f69b1b65312aad2b799e6f1", "fields": {"value": "{\"name\": \"images/products/pear/pears.jpg\", \"storage\": \"django.core.files.storage.FileSystemStorage\", \"size\": [2500, 1668]}"}}, {"model": "thumbnail.kvstore", "pk": "sorl-thumbnail||image||5273da9bad2adef48ed82cd9cce18382", "fields": {"value": "{\"name\": \"cache/ad/5b/ad5b9158ee04f3b6f0ebb5c6025e719b.jpg\", \"storage\": \"django.core.files.storage.FileSystemStorage\", \"size\": [1000, 667]}"}}, {"model": "thumbnail.kvstore", "pk": "sorl-thumbnail||image||52eff5508efa49f8bf94d83f14b5a257", "fields": {"value": "{\"name\": \"cache/eb/1b/eb1bd250a3e42e49ccbe1dca95b6c960.jpg\", \"storage\": \"django.core.files.storage.FileSystemStorage\", \"size\": [1000, 667]}"}}, {"model": "thumbnail.kvstore", "pk": "sorl-thumbnail||image||5385caf3dcdf2cf5dd328f7bae415b1b", "fields": {"value": "{\"name\": \"cache/5b/96/5b96168e98eab161a5adee648f64a2a7.jpg\", \"storage\": \"django.core.files.storage.FileSystemStorage\", \"size\": [1000, 667]}"}}, {"model": "thumbnail.kvstore", "pk": "sorl-thumbnail||image||53a509778855974a48ea050afad021aa", "fields": {"value": "{\"name\": \"cache/55/26/55260a68c7219c398cba9b5f4a22d69f.jpg\", \"storage\": \"django.core.files.storage.FileSystemStorage\", \"size\": [1000, 667]}"}}, {"model": "thumbnail.kvstore", "pk": "sorl-thumbnail||image||53d48aa23082d1a99bc0fc26f079b1d9", "fields": {"value": "{\"name\": \"cache/5c/1c/5c1c337c5eb86315452d1268a54fee64.jpg\", \"storage\": \"django.core.files.storage.FileSystemStorage\", \"size\": [1000, 667]}"}}, {"model": "thumbnail.kvstore", "pk": "sorl-thumbnail||image||540bc78ce4a50a8613e43595178d5f9b", "fields": {"value": "{\"name\": \"images/products/apple/apple_3_pc.jpg\", \"storage\": \"django.core.files.storage.FileSystemStorage\", \"size\": [2500, 1668]}"}}, {"model": "thumbnail.kvstore", "pk": "sorl-thumbnail||image||541c1496fbb63707b1937f21e63d9167", "fields": {"value": "{\"name\": \"cache/82/80/8280124b89149d6e7cc0118635e58857.jpg\", \"storage\": \"django.core.files.storage.FileSystemStorage\", \"size\": [1000, 667]}"}}, {"model": "thumbnail.kvstore", "pk": "sorl-thumbnail||image||574cfcc09a63bb58d70e562ae4e4f34b", "fields": {"value": "{\"name\": \"images/products/blood_orange_petals/blood_orange_petals_jar.jpg\", \"storage\": \"django.core.files.storage.FileSystemStorage\", \"size\": [2500, 1667]}"}}, {"model": "thumbnail.kvstore", "pk": "sorl-thumbnail||image||5795d06d9c1eacdc0832ce83d688cbba", "fields": {"value": "{\"name\": \"images/products/kiwifruit/kiwi_3pc.jpg\", \"storage\": \"django.core.files.storage.FileSystemStorage\", \"size\": [2500, 1669]}"}}, {"model": "thumbnail.kvstore", "pk": "sorl-thumbnail||image||59c515519e49e40411c1d297f4135041", "fields": {"value": "{\"name\": \"cache/c9/c8/c9c8e84b4451b9c15919a312a6bac358.jpg\", \"storage\": \"django.core.files.storage.FileSystemStorage\", \"size\": [65, 55]}"}}, {"model": "thumbnail.kvstore", "pk": "sorl-thumbnail||image||5a6a4d2b327f357015ba264141c7ce8e", "fields": {"value": "{\"name\": \"cache/17/94/17940c7f76d68c8e5acb3f678f578b29.jpg\", \"storage\": \"django.core.files.storage.FileSystemStorage\", \"size\": [1000, 667]}"}}, {"model": "thumbnail.kvstore", "pk": "sorl-thumbnail||image||5ac997f27cbe5a65b7c8ee4f4c1c07cd", "fields": {"value": "{\"name\": \"cache/25/81/2581c32e4bf0934d0abfea37ef04158f.jpg\", \"storage\": \"django.core.files.storage.FileSystemStorage\", \"size\": [65, 55]}"}}, {"model": "thumbnail.kvstore", "pk": "sorl-thumbnail||image||5ba673ea06e365abb60b546b1a955af1", "fields": {"value": "{\"name\": \"cache/90/e4/90e457b84f22de64d46082ad887d2cca.jpg\", \"storage\": \"django.core.files.storage.FileSystemStorage\", \"size\": [1000, 667]}"}}, {"model": "thumbnail.kvstore", "pk": "sorl-thumbnail||image||5c4beac311ce906c222737d1da6c97e7", "fields": {"value": "{\"name\": \"images/products/star_fruit/starfruit_jar.jpg\", \"storage\": \"django.core.files.storage.FileSystemStorage\", \"size\": [2500, 1667]}"}}, {"model": "thumbnail.kvstore", "pk": "sorl-thumbnail||image||5c55ea31fd49b51c975e0fef9629711f", "fields": {"value": "{\"name\": \"images/products/pineapple_full_cuts/pineapple_whole_jar.jpg\", \"storage\": \"django.core.files.storage.FileSystemStorage\", \"size\": [2500, 1667]}"}}, {"model": "thumbnail.kvstore", "pk": "sorl-thumbnail||image||5dbc7e48847109de6ad03779f1fc7a8d", "fields": {"value": "{\"name\": \"cache/1d/26/1d26989701e833cdb4447b3713114fa5.jpg\", \"storage\": \"django.core.files.storage.FileSystemStorage\", \"size\": [1000, 667]}"}}, {"model": "thumbnail.kvstore", "pk": "sorl-thumbnail||image||5ea28ffd25bdec71dc7c4a55c93b88f7", "fields": {"value": "{\"name\": \"cache/29/f1/29f18aace6bc204a8cef403e4f135ee3.jpg\", \"storage\": \"django.core.files.storage.FileSystemStorage\", \"size\": [1000, 667]}"}}, {"model": "thumbnail.kvstore", "pk": "sorl-thumbnail||image||5f625f3af5dc58ac3b1dbfd2217a95ca", "fields": {"value": "{\"name\": \"cache/83/7d/837d345736852d126583acd62c14f544.jpg\", \"storage\": \"django.core.files.storage.FileSystemStorage\", \"size\": [65, 55]}"}}, {"model": "thumbnail.kvstore", "pk": "sorl-thumbnail||image||60b3cd2d1f3a9087b7d108818a4e62d1", "fields": {"value": "{\"name\": \"cache/c6/3f/c63fc37930e34b267a5310af1debc73c.jpg\", \"storage\": \"django.core.files.storage.FileSystemStorage\", \"size\": [1000, 668]}"}}, {"model": "thumbnail.kvstore", "pk": "sorl-thumbnail||image||60d822365bf8dc5ab5fd65a0eb794728", "fields": {"value": "{\"name\": \"images/products/kiwifruit/kiwi_jar.jpg\", \"storage\": \"django.core.files.storage.FileSystemStorage\", \"size\": [2500, 1667]}"}}, {"model": "thumbnail.kvstore", "pk": "sorl-thumbnail||image||61ce4002c5c336a20167f72cec6eaf8c", "fields": {"value": "{\"name\": \"cache/75/c1/75c13c56a68ce9522459297922f624e6.jpg\", \"storage\": \"django.core.files.storage.FileSystemStorage\", \"size\": [1000, 668]}"}}, {"model": "thumbnail.kvstore", "pk": "sorl-thumbnail||image||6247d4b733d1da4b57a77728916ea7fd", "fields": {"value": "{\"name\": \"cache/25/a1/25a1104c01b91a3a8dff0f38dc82935b.jpg\", \"storage\": \"django.core.files.storage.FileSystemStorage\", \"size\": [100, 67]}"}}, {"model": "thumbnail.kvstore", "pk": "sorl-thumbnail||image||6275d193a090e70e79fd2f3a534cfeac", "fields": {"value": "{\"name\": \"images/products/dragon_fruit_red/dragonfruit_red.jpg\", \"storage\": \"django.core.files.storage.FileSystemStorage\", \"size\": [2500, 1669]}"}}, {"model": "thumbnail.kvstore", "pk": "sorl-thumbnail||image||6343a84ac95476ce78a8d399a2858f4b", "fields": {"value": "{\"name\": \"images/products/lime_fine_cuts/lime_jar.jpg\", \"storage\": \"django.core.files.storage.FileSystemStorage\", \"size\": [2500, 1669]}"}}, {"model": "thumbnail.kvstore", "pk": "sorl-thumbnail||image||6767e62828670a8c0419d5ee4f645d8e", "fields": {"value": "{\"name\": \"images/products/lime_fine_cuts/lime_fine_alt.jpg\", \"storage\": \"django.core.files.storage.FileSystemStorage\", \"size\": [2500, 1668]}"}}, {"model": "thumbnail.kvstore", "pk": "sorl-thumbnail||image||69bbae0f4f2286a8e1ea4b3c2802d1f8", "fields": {"value": "{\"name\": \"images/products/orange_petals/orange_petals_jar.jpg\", \"storage\": \"django.core.files.storage.FileSystemStorage\", \"size\": [2500, 1667]}"}}, {"model": "thumbnail.kvstore", "pk": "sorl-thumbnail||image||6a0b16d4b13639f64afe31afd8add045", "fields": {"value": "{\"name\": \"cache/61/11/61119115ada333dfcb8296b81f53e09d.jpg\", \"storage\": \"django.core.files.storage.FileSystemStorage\", \"size\": [1000, 667]}"}}, {"model": "thumbnail.kvstore", "pk": "sorl-thumbnail||image||6b8c4395723e9f73371c625e938e4c78", "fields": {"value": "{\"name\": \"images/products/pineapple_half_moons/pineapple_half_3pc.jpg\", \"storage\": \"django.core.files.storage.FileSystemStorage\", \"size\": [2500, 1668]}"}}, {"model": "thumbnail.kvstore", "pk": "sorl-thumbnail||image||6c25c1f6140e2415b742cdb3bdd115db", "fields": {"value": "{\"name\": \"cache/45/87/458745a9ab6cc56a9f26c74b20af9dde.jpg\", \"storage\": \"django.core.files.storage.FileSystemStorage\", \"size\": [1000, 668]}"}}, {"model": "thumbnail.kvstore", "pk": "sorl-thumbnail||image||6c4e476079d961018ebdbee5b17ad451", "fields": {"value": "{\"name\": \"cache/ae/d4/aed4e7b740bce7cf8ebc87bb261f31e2.jpg\", \"storage\": \"django.core.files.storage.FileSystemStorage\", \"size\": [1000, 667]}"}}, {"model": "thumbnail.kvstore", "pk": "sorl-thumbnail||image||6c797fae8318176018805456cfd3ac43", "fields": {"value": "{\"name\": \"cache/63/a0/63a0191eecddfc6986c83f8e808ad9dd.jpg\", \"storage\": \"django.core.files.storage.FileSystemStorage\", \"size\": [1000, 667]}"}}, {"model": "thumbnail.kvstore", "pk": "sorl-thumbnail||image||6d411d1c64b954579cf60aa20dde5535", "fields": {"value": "{\"name\": \"cache/0b/06/0b0613dd7c89334523662f3bf98c9aa5.jpg\", \"storage\": \"django.core.files.storage.FileSystemStorage\", \"size\": [1000, 667]}"}}, {"model": "thumbnail.kvstore", "pk": "sorl-thumbnail||image||6e7f8590e237d4dddbc711d91bc8af96", "fields": {"value": "{\"name\": \"cache/08/97/0897b7acb8c7c057a6e0d94bf7642eb7.jpg\", \"storage\": \"django.core.files.storage.FileSystemStorage\", \"size\": [70, 70]}"}}, {"model": "thumbnail.kvstore", "pk": "sorl-thumbnail||image||6e95038500fbf7701a9e5806d30deefa", "fields": {"value": "{\"name\": \"cache/1d/93/1d93cdcd3adc980b67b3e5267cc6b92e.jpg\", \"storage\": \"django.core.files.storage.FileSystemStorage\", \"size\": [1000, 667]}"}}, {"model": "thumbnail.kvstore", "pk": "sorl-thumbnail||image||6ea9be8184d92ccc7582bbef1b1670d7", "fields": {"value": "{\"name\": \"cache/cb/de/cbde1d3ee3cc57420701f6ba39aa8f57.jpg\", \"storage\": \"django.core.files.storage.FileSystemStorage\", \"size\": [100, 67]}"}}, {"model": "thumbnail.kvstore", "pk": "sorl-thumbnail||image||6ebae8295d190512386e9e6e61dedc1d", "fields": {"value": "{\"name\": \"images/products/orange_petals/orange_petal_3pc.jpg\", \"storage\": \"django.core.files.storage.FileSystemStorage\", \"size\": [2500, 1668]}"}}, {"model": "thumbnail.kvstore", "pk": "sorl-thumbnail||image||6ee2a09249c3e88878f0b6ee8954e13d", "fields": {"value": "{\"name\": \"cache/67/c2/67c24a4c740a0cfacb550d2709ada718.jpg\", \"storage\": \"django.core.files.storage.FileSystemStorage\", \"size\": [70, 47]}"}}, {"model": "thumbnail.kvstore", "pk": "sorl-thumbnail||image||703902d69ceadbcc077fe481ec2060f4", "fields": {"value": "{\"name\": \"cache/17/d5/17d59725435216b0e455fcb9659a84f3.jpg\", \"storage\": \"django.core.files.storage.FileSystemStorage\", \"size\": [100, 75]}"}}, {"model": "thumbnail.kvstore", "pk": "sorl-thumbnail||image||714f1cfc17ece18809a8f9c03a0cec7b", "fields": {"value": "{\"name\": \"cache/6f/f4/6ff48095c8608207bf74bac89566f626.jpg\", \"storage\": \"django.core.files.storage.FileSystemStorage\", \"size\": [70, 47]}"}}, {"model": "thumbnail.kvstore", "pk": "sorl-thumbnail||image||725386464335a2513408c0d1e612a4fc", "fields": {"value": "{\"name\": \"cache/d0/11/d0114a999a2e3c6eb10c13f58a1a81f4.jpg\", \"storage\": \"django.core.files.storage.FileSystemStorage\", \"size\": [1000, 1000]}"}}, {"model": "thumbnail.kvstore", "pk": "sorl-thumbnail||image||7647a7270d40f60591095b15aac18fbf", "fields": {"value": "{\"name\": \"cache/cf/21/cf21127f5c7f1745eb72e5c312a61bcf.jpg\", \"storage\": \"django.core.files.storage.FileSystemStorage\", \"size\": [1000, 668]}"}}, {"model": "thumbnail.kvstore", "pk": "sorl-thumbnail||image||777914f7efcd063fe924955a69c5e9ff", "fields": {"value": "{\"name\": \"cache/57/40/57404e177b4655be3c096e3e1b0df0c7.jpg\", \"storage\": \"django.core.files.storage.FileSystemStorage\", \"size\": [1000, 668]}"}}, {"model": "thumbnail.kvstore", "pk": "sorl-thumbnail||image||792a3e7541826f92434394de1dbe6d7b", "fields": {"value": "{\"name\": \"images/products/pineapple_full_cuts/pineapple_whole_3pc.jpg\", \"storage\": \"django.core.files.storage.FileSystemStorage\", \"size\": [2500, 1668]}"}}, {"model": "thumbnail.kvstore", "pk": "sorl-thumbnail||image||79478eeb2c346881fc6fc5232ae34207", "fields": {"value": "{\"name\": \"cache/44/cc/44cc141e4e453dd0f6a7144983e80c29.jpg\", \"storage\": \"django.core.files.storage.FileSystemStorage\", \"size\": [65, 55]}"}}, {"model": "thumbnail.kvstore", "pk": "sorl-thumbnail||image||7a0e0b40c6bf14d45795b4fb89d554db", "fields": {"value": "{\"name\": \"cache/cb/39/cb3995ef523999644fcc860420dacb31.jpg\", \"storage\": \"django.core.files.storage.FileSystemStorage\", \"size\": [65, 55]}"}}, {"model": "thumbnail.kvstore", "pk": "sorl-thumbnail||image||7ebf27e54af759934dfd6571fa00a0a0", "fields": {"value": "{\"name\": \"cache/d5/7e/d57e223711ea7eec48269d57ddc34369.jpg\", \"storage\": \"django.core.files.storage.FileSystemStorage\", \"size\": [100, 67]}"}}, {"model": "thumbnail.kvstore", "pk": "sorl-thumbnail||image||7f4707b9d574479dca29f01fc32732c3", "fields": {"value": "{\"name\": \"images/products/blood_orange_petals/blood_orange_petal_alt.jpg\", \"storage\": \"django.core.files.storage.FileSystemStorage\", \"size\": [2500, 1668]}"}}, {"model": "thumbnail.kvstore", "pk": "sorl-thumbnail||image||7fa63e17750f0c9bccf502cf2b661140", "fields": {"value": "{\"name\": \"images/products/orange_fine_cuts/orange_jar.jpg\", \"storage\": \"django.core.files.storage.FileSystemStorage\", \"size\": [2500, 1669]}"}}, {"model": "thumbnail.kvstore", "pk": "sorl-thumbnail||image||81efb9c9f62fa38c1ad3cc83848df5e3", "fields": {"value": "{\"name\": \"cache/6b/35/6b3576a8796754e6dd27825148313fc9.jpg\", \"storage\": \"django.core.files.storage.FileSystemStorage\", \"size\": [1000, 667]}"}}, {"model": "thumbnail.kvstore", "pk": "sorl-thumbnail||image||82ca890e1709da9078d4bd0f0f4efb6f", "fields": {"value": "{\"name\": \"cache/cd/0e/cd0ed770bfbd8146206cab1779404a7a.jpg\", \"storage\": \"django.core.files.storage.FileSystemStorage\", \"size\": [100, 67]}"}}, {"model": "thumbnail.kvstore", "pk": "sorl-thumbnail||image||83a8204c8923e498d1ddc90582bf05a4", "fields": {"value": "{\"name\": \"images/products/sphinx_hat/sphinx_hat_back.jpg\", \"storage\": \"django.core.files.storage.FileSystemStorage\", \"size\": [2500, 2500]}"}}, {"model": "thumbnail.kvstore", "pk": "sorl-thumbnail||image||8667bc66c7f81a7d1294c184be718a32", "fields": {"value": "{\"name\": \"images/products/pineapple_full_cuts/pineapple_whole_alt.jpg\", \"storage\": \"django.core.files.storage.FileSystemStorage\", \"size\": [2500, 1668]}"}}, {"model": "thumbnail.kvstore", "pk": "sorl-thumbnail||image||8c49628853bc32a76a137c9ee14e9593", "fields": {"value": "{\"name\": \"cache/59/d3/59d3d8c74e03cbba3aed4051c18d6a8c.jpg\", \"storage\": \"django.core.files.storage.FileSystemStorage\", \"size\": [400, 300]}"}}, {"model": "thumbnail.kvstore", "pk": "sorl-thumbnail||image||8db21bce50fd2f5483c321b2af838340", "fields": {"value": "{\"name\": \"images/products/lapel_pin/shiny_gold_sphinx_pin.jpg\", \"storage\": \"django.core.files.storage.FileSystemStorage\", \"size\": [2500, 2500]}"}}, {"model": "thumbnail.kvstore", "pk": "sorl-thumbnail||image||8dd0c4fee6c3e59762e53e70ed635c3b", "fields": {"value": "{\"name\": \"images/products/blood_orange_rough_cuts/blood_orange_rough_alt.jpg\", \"storage\": \"django.core.files.storage.FileSystemStorage\", \"size\": [2500, 1668]}"}}, {"model": "thumbnail.kvstore", "pk": "sorl-thumbnail||image||8e6ec2e7e4c4b6c23733844e339a63b5", "fields": {"value": "{\"name\": \"cache/9f/cb/9fcb2696fdb3bc3774615d6c9edd41cb.jpg\", \"storage\": \"django.core.files.storage.FileSystemStorage\", \"size\": [1000, 667]}"}}, {"model": "thumbnail.kvstore", "pk": "sorl-thumbnail||image||909e13b08d5a6b05ccb079dfd44d155f", "fields": {"value": "{\"name\": \"cache/84/02/8402072a033e01f194c725af04c1365f.jpg\", \"storage\": \"django.core.files.storage.FileSystemStorage\", \"size\": [1000, 668]}"}}, {"model": "thumbnail.kvstore", "pk": "sorl-thumbnail||image||90e4a1198100b008a24f0e6fee595fce", "fields": {"value": "{\"name\": \"images/recipes/bourbon-old-fashioned/bourbon_old_fashioned_J261GwG.jpeg\", \"storage\": \"django.core.files.storage.FileSystemStorage\", \"size\": [820, 831]}"}}, {"model": "thumbnail.kvstore", "pk": "sorl-thumbnail||image||9397c26590a423893dbc2833434ef0d1", "fields": {"value": "{\"name\": \"cache/b9/03/b903035a5be669dd514c1263699ad0a3.jpg\", \"storage\": \"django.core.files.storage.FileSystemStorage\", \"size\": [70, 47]}"}}, {"model": "thumbnail.kvstore", "pk": "sorl-thumbnail||image||9518aa8512b06635429e89d8969d74b0", "fields": {"value": "{\"name\": \"images/products/lotus_root/lotus_alt.jpg\", \"storage\": \"django.core.files.storage.FileSystemStorage\", \"size\": [2500, 1668]}"}}, {"model": "thumbnail.kvstore", "pk": "sorl-thumbnail||image||9850716a2e8d3ad1ec6fede699a38d01", "fields": {"value": "{\"name\": \"cache/61/3a/613a0d35ef9a3ecf945aeee8fadd0c41.jpg\", \"storage\": \"django.core.files.storage.FileSystemStorage\", \"size\": [1000, 668]}"}}, {"model": "thumbnail.kvstore", "pk": "sorl-thumbnail||image||98a5fc7fdf88f4d67f90e213e04bebd2", "fields": {"value": "{\"name\": \"images/products/blood_orange_fine_cuts/grape_jar.jpg\", \"storage\": \"django.core.files.storage.FileSystemStorage\", \"size\": [2500, 1669]}"}}, {"model": "thumbnail.kvstore", "pk": "sorl-thumbnail||image||9aaee2eb1288e82451c191207873114d", "fields": {"value": "{\"name\": \"cache/c4/b1/c4b1754fc91a06b03b5ef7f0fe0ab475.jpg\", \"storage\": \"django.core.files.storage.FileSystemStorage\", \"size\": [1000, 668]}"}}, {"model": "thumbnail.kvstore", "pk": "sorl-thumbnail||image||9af4e3f4bf6a05ee46fb593e25a56b33", "fields": {"value": "{\"name\": \"images/products/orange_fine_cuts/orange_fine_3pc.jpg\", \"storage\": \"django.core.files.storage.FileSystemStorage\", \"size\": [2500, 1669]}"}}, {"model": "thumbnail.kvstore", "pk": "sorl-thumbnail||image||9b905cb43157e75e69c6ee31b6a5478b", "fields": {"value": "{\"name\": \"cache/61/13/61136bae9ee3e4a87e29f2d558173c1a.jpg\", \"storage\": \"django.core.files.storage.FileSystemStorage\", \"size\": [1000, 667]}"}}, {"model": "thumbnail.kvstore", "pk": "sorl-thumbnail||image||9ba1682e43ee4b6d522c6c7cb0e9a690", "fields": {"value": "{\"name\": \"cache/99/78/9978851d827d5639df179c0823c67644.jpg\", \"storage\": \"django.core.files.storage.FileSystemStorage\", \"size\": [1000, 667]}"}}, {"model": "thumbnail.kvstore", "pk": "sorl-thumbnail||image||9be5f9672f335d2ce671515c23fcc8b0", "fields": {"value": "{\"name\": \"images/products/lemon_petals/lemon_petal_3pc.jpg\", \"storage\": \"django.core.files.storage.FileSystemStorage\", \"size\": [2500, 1669]}"}}, {"model": "thumbnail.kvstore", "pk": "sorl-thumbnail||image||9c3178d2d4dd6b6348b3145ab2d37dc6", "fields": {"value": "{\"name\": \"cache/5c/64/5c64c0925b72f8630785211857cb644d.jpg\", \"storage\": \"django.core.files.storage.FileSystemStorage\", \"size\": [70, 47]}"}}, {"model": "thumbnail.kvstore", "pk": "sorl-thumbnail||image||9ccedf066e695259bddbf4167a1711dd", "fields": {"value": "{\"name\": \"cache/44/23/44233a2d85b1eeb4d738da9e986ec541.jpg\", \"storage\": \"django.core.files.storage.FileSystemStorage\", \"size\": [1000, 668]}"}}, {"model": "thumbnail.kvstore", "pk": "sorl-thumbnail||image||9f72007dcedfd0e87d84836b05354359", "fields": {"value": "{\"name\": \"cache/0c/7c/0c7ca892ed086349d80329dee2508b3f.jpg\", \"storage\": \"django.core.files.storage.FileSystemStorage\", \"size\": [65, 55]}"}}, {"model": "thumbnail.kvstore", "pk": "sorl-thumbnail||image||a04176d8cf353378d0a41aaa111d207c", "fields": {"value": "{\"name\": \"images/products/lime_petals/lime_petals_jar.jpg\", \"storage\": \"django.core.files.storage.FileSystemStorage\", \"size\": [2500, 1667]}"}}, {"model": "thumbnail.kvstore", "pk": "sorl-thumbnail||image||a13965f00799e8acbb1df5e8aa2e4ff3", "fields": {"value": "{\"name\": \"cache/d2/80/d2805376527666c9761cbb820ca244c8.jpg\", \"storage\": \"django.core.files.storage.FileSystemStorage\", \"size\": [395, 400]}"}}, {"model": "thumbnail.kvstore", "pk": "sorl-thumbnail||image||a2a77c899d577ea691cea263ced28caa", "fields": {"value": "{\"name\": \"images/products/lime_rough_cuts/lime_rough_cut_jar.jpg\", \"storage\": \"django.core.files.storage.FileSystemStorage\", \"size\": [2500, 1667]}"}}, {"model": "thumbnail.kvstore", "pk": "sorl-thumbnail||image||a2be8a2ca0636f6bbd88e4840ff0a314", "fields": {"value": "{\"name\": \"cache/e0/75/e075ddd09c718d6b8e6ed42065bd342f.jpg\", \"storage\": \"django.core.files.storage.FileSystemStorage\", \"size\": [65, 55]}"}}, {"model": "thumbnail.kvstore", "pk": "sorl-thumbnail||image||a2df82daef01e42146a5c995f5b30a04", "fields": {"value": "{\"name\": \"cache/83/13/831326c08c8d5d3d66ce6e51e9fbd787.jpg\", \"storage\": \"django.core.files.storage.FileSystemStorage\", \"size\": [1000, 668]}"}}, {"model": "thumbnail.kvstore", "pk": "sorl-thumbnail||image||a2ef87bcbc29921402e24ab4bb01f619", "fields": {"value": "{\"name\": \"cache/f2/e9/f2e9ef1e7e69b5ca45b246a2555b0128.jpg\", \"storage\": \"django.core.files.storage.FileSystemStorage\", \"size\": [440, 294]}"}}, {"model": "thumbnail.kvstore", "pk": "sorl-thumbnail||image||a311c2049fb10f1d71e3436262f60e01", "fields": {"value": "{\"name\": \"cache/86/bd/86bdd34ab45b0407d67c63caac19f76a.jpg\", \"storage\": \"django.core.files.storage.FileSystemStorage\", \"size\": [65, 55]}"}}, {"model": "thumbnail.kvstore", "pk": "sorl-thumbnail||image||a4f8f9ecff08589625e8fa924c3cb7a6", "fields": {"value": "{\"name\": \"cache/8a/5a/8a5a751205b0901bdaf05a35ac24ad7d.jpg\", \"storage\": \"django.core.files.storage.FileSystemStorage\", \"size\": [100, 100]}"}}, {"model": "thumbnail.kvstore", "pk": "sorl-thumbnail||image||a596a268548d45256efcbf67e06dc3b5", "fields": {"value": "{\"name\": \"cache/cf/02/cf0283e1bfdd38ae2a54add13860a8bb.jpg\", \"storage\": \"django.core.files.storage.FileSystemStorage\", \"size\": [1000, 667]}"}}, {"model": "thumbnail.kvstore", "pk": "sorl-thumbnail||image||a5e7b9c45a054455e719e2cae84438d3", "fields": {"value": "{\"name\": \"cache/61/a6/61a6f9eb3cb9492b581914ea35af082a.jpg\", \"storage\": \"django.core.files.storage.FileSystemStorage\", \"size\": [100, 67]}"}}, {"model": "thumbnail.kvstore", "pk": "sorl-thumbnail||image||a820e590e6b90b4f4356b0f85fff487e", "fields": {"value": "{\"name\": \"cache/71/e2/71e22962b850bfe63a474634c09d3cfe.jpg\", \"storage\": \"django.core.files.storage.FileSystemStorage\", \"size\": [1000, 667]}"}}, {"model": "thumbnail.kvstore", "pk": "sorl-thumbnail||image||a83bf287e2eaae06484b3c7cd2de4a1c", "fields": {"value": "{\"name\": \"cache/72/4e/724e542d3f4b6fc5ead0c3aaade301b9.jpg\", \"storage\": \"django.core.files.storage.FileSystemStorage\", \"size\": [1000, 667]}"}}, {"model": "thumbnail.kvstore", "pk": "sorl-thumbnail||image||a8de47e7829f9a2fa29a36257f77d9a8", "fields": {"value": "{\"name\": \"cache/d2/49/d2498ac603b3d66b885273ca36de8d0d.jpg\", \"storage\": \"django.core.files.storage.FileSystemStorage\", \"size\": [1000, 668]}"}}, {"model": "thumbnail.kvstore", "pk": "sorl-thumbnail||image||a92c719052f0cabb25dd7bb1321c24ab", "fields": {"value": "{\"name\": \"images/products/lemon_fine_cuts/lemon_jar.jpg\", \"storage\": \"django.core.files.storage.FileSystemStorage\", \"size\": [2500, 1669]}"}}, {"model": "thumbnail.kvstore", "pk": "sorl-thumbnail||image||a982e895a38544ea9bdeafa48d912966", "fields": {"value": "{\"name\": \"cache/c8/e8/c8e81d5876650f5eb8652b3f93a42452.jpg\", \"storage\": \"django.core.files.storage.FileSystemStorage\", \"size\": [70, 47]}"}}, {"model": "thumbnail.kvstore", "pk": "sorl-thumbnail||image||aa81111bd8e1bb9daf5bfc3635a01d4b", "fields": {"value": "{\"name\": \"cache/90/3e/903e17ee433c942ccc4b44082385184e.jpg\", \"storage\": \"django.core.files.storage.FileSystemStorage\", \"size\": [1000, 667]}"}}, {"model": "thumbnail.kvstore", "pk": "sorl-thumbnail||image||aaa6d90fb0be766fc365cc3ddcc4574e", "fields": {"value": "{\"name\": \"cache/8b/f4/8bf42334f8afbe8fc4aa7d9aa9b399df.jpg\", \"storage\": \"django.core.files.storage.FileSystemStorage\", \"size\": [65, 55]}"}}, {"model": "thumbnail.kvstore", "pk": "sorl-thumbnail||image||ac0c2d4c6de514573f63dd394d826a76", "fields": {"value": "{\"name\": \"cache/77/65/776525ca90164295980d619a97b676a1.jpg\", \"storage\": \"django.core.files.storage.FileSystemStorage\", \"size\": [65, 55]}"}}, {"model": "thumbnail.kvstore", "pk": "sorl-thumbnail||image||ac2babc733bfd91e2f01ca31c02d6ebb", "fields": {"value": "{\"name\": \"cache/e8/61/e86133531cc90bed8f782d23b6e865b9.jpg\", \"storage\": \"django.core.files.storage.FileSystemStorage\", \"size\": [1000, 667]}"}}, {"model": "thumbnail.kvstore", "pk": "sorl-thumbnail||image||ad146fe0d3a4a86819029e4860f7c579", "fields": {"value": "{\"name\": \"cache/17/8e/178e864ed6e81400028897990877583d.jpg\", \"storage\": \"django.core.files.storage.FileSystemStorage\", \"size\": [1000, 668]}"}}, {"model": "thumbnail.kvstore", "pk": "sorl-thumbnail||image||adc9469b0b774b68b9bc1912a7392f3b", "fields": {"value": "{\"name\": \"cache/17/b1/17b1702ef83df043caaa5a0c4d9860ec.jpg\", \"storage\": \"django.core.files.storage.FileSystemStorage\", \"size\": [70, 47]}"}}, {"model": "thumbnail.kvstore", "pk": "sorl-thumbnail||image||ae01dc82082c0f6b44115ed7bf25c898", "fields": {"value": "{\"name\": \"images/products/figs/fig_3pc.jpg\", \"storage\": \"django.core.files.storage.FileSystemStorage\", \"size\": [2500, 1668]}"}}, {"model": "thumbnail.kvstore", "pk": "sorl-thumbnail||image||afafd96dab4c55096b32624dd082134b", "fields": {"value": "{\"name\": \"cache/fe/27/fe27afd5695e295d2fcfb1c8da0ca444.jpg\", \"storage\": \"django.core.files.storage.FileSystemStorage\", \"size\": [65, 55]}"}}, {"model": "thumbnail.kvstore", "pk": "sorl-thumbnail||image||b54b7de13ba13be8f160168bf0f19e89", "fields": {"value": "{\"name\": \"cache/a6/94/a694c76a19bee161ae9f59cd9f0bbbd1.jpg\", \"storage\": \"django.core.files.storage.FileSystemStorage\", \"size\": [65, 55]}"}}, {"model": "thumbnail.kvstore", "pk": "sorl-thumbnail||image||b840c67cb90a08a6683a55e74b673cae", "fields": {"value": "{\"name\": \"cache/5b/a4/5ba4c1be467d0aebd6c474e6cfa90f84.jpg\", \"storage\": \"django.core.files.storage.FileSystemStorage\", \"size\": [65, 55]}"}}, {"model": "thumbnail.kvstore", "pk": "sorl-thumbnail||image||b9bd7fddeba9bc183ba99271deab8013", "fields": {"value": "{\"name\": \"cache/07/74/07740c88ff24a84f48cdac25638dbe51.jpg\", \"storage\": \"django.core.files.storage.FileSystemStorage\", \"size\": [70, 47]}"}}, {"model": "thumbnail.kvstore", "pk": "sorl-thumbnail||image||baa64531e2c0d2f3f936c450f660fd4d", "fields": {"value": "{\"name\": \"cache/b7/ae/b7ae00262d9a94c47e08250f33dad8d0.jpg\", \"storage\": \"django.core.files.storage.FileSystemStorage\", \"size\": [1000, 667]}"}}, {"model": "thumbnail.kvstore", "pk": "sorl-thumbnail||image||bb26995f2e16c3c7cd755bf35b9cee4d", "fields": {"value": "{\"name\": \"images/products/dragon_fruit_white/dragonfruit_white_jar.jpg\", \"storage\": \"django.core.files.storage.FileSystemStorage\", \"size\": [2500, 1667]}"}}, {"model": "thumbnail.kvstore", "pk": "sorl-thumbnail||image||bf1ab8d239c4264aeb73f50cc5458e7f", "fields": {"value": "{\"name\": \"images/products/lime_rough_cuts/lime_rough_3pc.jpg\", \"storage\": \"django.core.files.storage.FileSystemStorage\", \"size\": [2500, 1669]}"}}, {"model": "thumbnail.kvstore", "pk": "sorl-thumbnail||image||bfe16d1a8f18c0df091607a58c5fcf65", "fields": {"value": "{\"name\": \"cache/bb/15/bb159312cb16f3868a39d831d46d306c.jpg\", \"storage\": \"django.core.files.storage.FileSystemStorage\", \"size\": [1000, 668]}"}}, {"model": "thumbnail.kvstore", "pk": "sorl-thumbnail||image||c039f482c24510d08ca4377de4cc0f9f", "fields": {"value": "{\"name\": \"images/products/orange_fine_cuts/orange_fine_alt.jpg\", \"storage\": \"django.core.files.storage.FileSystemStorage\", \"size\": [2500, 1668]}"}}, {"model": "thumbnail.kvstore", "pk": "sorl-thumbnail||image||c154b3203d11a615fb3ee11d6d7026a6", "fields": {"value": "{\"name\": \"cache/0f/66/0f66399dd283c261c996503b99355b0e.jpg\", \"storage\": \"django.core.files.storage.FileSystemStorage\", \"size\": [70, 47]}"}}, {"model": "thumbnail.kvstore", "pk": "sorl-thumbnail||image||c20e642b2792eec567d01a91e0575933", "fields": {"value": "{\"name\": \"cache/11/fa/11faae17c6eae1e8dd3f6bcfb080d691.jpg\", \"storage\": \"django.core.files.storage.FileSystemStorage\", \"size\": [70, 47]}"}}, {"model": "thumbnail.kvstore", "pk": "sorl-thumbnail||image||c26a123e3012e11c6c5a607dc9d048a5", "fields": {"value": "{\"name\": \"images/products/persimmon/persimmon_jar.jpg\", \"storage\": \"django.core.files.storage.FileSystemStorage\", \"size\": [2500, 1667]}"}}, {"model": "thumbnail.kvstore", "pk": "sorl-thumbnail||image||c3e287b85a4bd517ce8876e01b316ff9", "fields": {"value": "{\"name\": \"cache/8e/a5/8ea5c6dac81c5f5341146f24a85c1ad4.jpg\", \"storage\": \"django.core.files.storage.FileSystemStorage\", \"size\": [65, 55]}"}}, {"model": "thumbnail.kvstore", "pk": "sorl-thumbnail||image||c41e29edbb0e2c024044362de8d88034", "fields": {"value": "{\"name\": \"cache/d7/73/d773e3df212216065bb8dc12a3a429d3.jpg\", \"storage\": \"django.core.files.storage.FileSystemStorage\", \"size\": [100, 67]}"}}, {"model": "thumbnail.kvstore", "pk": "sorl-thumbnail||image||c557a0e421963db3f94c49e7c8736d09", "fields": {"value": "{\"name\": \"cache/bf/c5/bfc565da4e73c11b658bb58b1f10b1d0.jpg\", \"storage\": \"django.core.files.storage.FileSystemStorage\", \"size\": [440, 294]}"}}, {"model": "thumbnail.kvstore", "pk": "sorl-thumbnail||image||c6ee608ce405b162de078afdadb1016d", "fields": {"value": "{\"name\": \"cache/90/7f/907f47b4a4ed5910a8a2a0b70a63005a.jpg\", \"storage\": \"django.core.files.storage.FileSystemStorage\", \"size\": [1000, 667]}"}}, {"model": "thumbnail.kvstore", "pk": "sorl-thumbnail||image||c92d3e5079f7279a8b27e9ca8c494a8b", "fields": {"value": "{\"name\": \"images/products/dragon_fruit_white/dragonfruit_white.jpg\", \"storage\": \"django.core.files.storage.FileSystemStorage\", \"size\": [2500, 1668]}"}}, {"model": "thumbnail.kvstore", "pk": "sorl-thumbnail||image||d4414d5253ffce9c249f1cd1a0f647ef", "fields": {"value": "{\"name\": \"cache/1f/bd/1fbdc6ce7188d700db15cddfeeab0c8b.jpg\", \"storage\": \"django.core.files.storage.FileSystemStorage\", \"size\": [65, 55]}"}}, {"model": "thumbnail.kvstore", "pk": "sorl-thumbnail||image||d6a1cc40afe6f98018a94ec7f553d98d", "fields": {"value": "{\"name\": \"cache/9e/b9/9eb9b58e7f4dd0e7d547672c38ef1615.jpg\", \"storage\": \"django.core.files.storage.FileSystemStorage\", \"size\": [70, 47]}"}}, {"model": "thumbnail.kvstore", "pk": "sorl-thumbnail||image||d9afbc5a55fed0ec240e0bc8da912184", "fields": {"value": "{\"name\": \"cache/55/eb/55eb2bc914efede621e9ce211bc50469.jpg\", \"storage\": \"django.core.files.storage.FileSystemStorage\", \"size\": [1000, 667]}"}}, {"model": "thumbnail.kvstore", "pk": "sorl-thumbnail||image||db628e56e9093bb41835e60e4c9be918", "fields": {"value": "{\"name\": \"images/products/dragon_fruit_red/dragonfruit_purple_jar.jpg\", \"storage\": \"django.core.files.storage.FileSystemStorage\", \"size\": [2500, 1667]}"}}, {"model": "thumbnail.kvstore", "pk": "sorl-thumbnail||image||dc3f2a2b1fbdcd75e23bc492cb4d689f", "fields": {"value": "{\"name\": \"cache/2e/46/2e46c0d384a102002742e45f62e01242.jpg\", \"storage\": \"django.core.files.storage.FileSystemStorage\", \"size\": [65, 55]}"}}, {"model": "thumbnail.kvstore", "pk": "sorl-thumbnail||image||deb0c1dd2cfa1d2b629a07ed3a327311", "fields": {"value": "{\"name\": \"cache/5d/57/5d57ad35db2f821b9dc7d36241eb279d.jpg\", \"storage\": \"django.core.files.storage.FileSystemStorage\", \"size\": [1000, 667]}"}}, {"model": "thumbnail.kvstore", "pk": "sorl-thumbnail||image||df057651d0bc44fc9456fb69847b4b09", "fields": {"value": "{\"name\": \"cache/55/2a/552add5adf3bd7181de07bb249e1a5bf.jpg\", \"storage\": \"django.core.files.storage.FileSystemStorage\", \"size\": [440, 294]}"}}, {"model": "thumbnail.kvstore", "pk": "sorl-thumbnail||image||e0f5f3e607a509e8963ff93cdb1ccb2c", "fields": {"value": "{\"name\": \"cache/bf/32/bf322502fdc54948ce5eccd22aaa790d.jpg\", \"storage\": \"django.core.files.storage.FileSystemStorage\", \"size\": [1000, 667]}"}}, {"model": "thumbnail.kvstore", "pk": "sorl-thumbnail||image||e14437c17c965d8a4120216e61acba50", "fields": {"value": "{\"name\": \"images/products/figs/figs_jar.jpg\", \"storage\": \"django.core.files.storage.FileSystemStorage\", \"size\": [2500, 1667]}"}}, {"model": "thumbnail.kvstore", "pk": "sorl-thumbnail||image||e2650b0b324176a7475ecbaf4691839a", "fields": {"value": "{\"name\": \"cache/8b/2c/8b2ca47b8835e38f9701a431bfdf0d88.jpg\", \"storage\": \"django.core.files.storage.FileSystemStorage\", \"size\": [100, 67]}"}}, {"model": "thumbnail.kvstore", "pk": "sorl-thumbnail||image||e429f87172731c61ca9e6dd978be5961", "fields": {"value": "{\"name\": \"cache/8b/b2/8bb2d151f50b0db3499b7f9ff58d11ae.jpg\", \"storage\": \"django.core.files.storage.FileSystemStorage\", \"size\": [1000, 668]}"}}, {"model": "thumbnail.kvstore", "pk": "sorl-thumbnail||image||e50f62a924bd8e21ed18f72492c5cc9a", "fields": {"value": "{\"name\": \"cache/4c/ef/4cef55b26b68c1061c74277db023d66f.jpg\", \"storage\": \"django.core.files.storage.FileSystemStorage\", \"size\": [70, 47]}"}}, {"model": "thumbnail.kvstore", "pk": "sorl-thumbnail||image||e68fddd5deb4b2b86419a9624905baa6", "fields": {"value": "{\"name\": \"images/products/orange_rough_cuts/orange_rough_3pc.jpg\", \"storage\": \"django.core.files.storage.FileSystemStorage\", \"size\": [2500, 1668]}"}}, {"model": "thumbnail.kvstore", "pk": "sorl-thumbnail||image||e6d01d521dd8bd71f45165cc17a00751", "fields": {"value": "{\"name\": \"cache/b4/e4/b4e42978637c86d5d46641f67b1183b7.jpg\", \"storage\": \"django.core.files.storage.FileSystemStorage\", \"size\": [1000, 667]}"}}, {"model": "thumbnail.kvstore", "pk": "sorl-thumbnail||image||e7269dd5c2887645014708e0de330ddb", "fields": {"value": "{\"name\": \"cache/cc/ec/ccec24223f8898f8ec74186008f07dd0.jpg\", \"storage\": \"django.core.files.storage.FileSystemStorage\", \"size\": [1000, 667]}"}}, {"model": "thumbnail.kvstore", "pk": "sorl-thumbnail||image||e7dc965ec97244e75af97b5d6efb3a00", "fields": {"value": "{\"name\": \"cache/20/a6/20a6d01de46a1cb918a7723f25b2f7cb.jpg\", \"storage\": \"django.core.files.storage.FileSystemStorage\", \"size\": [1000, 667]}"}}, {"model": "thumbnail.kvstore", "pk": "sorl-thumbnail||image||ea14d27453c5fb4cab536231af389cf4", "fields": {"value": "{\"name\": \"cache/b5/7b/b57b53dc487e21c51eafbf244b9f3c2b.jpg\", \"storage\": \"django.core.files.storage.FileSystemStorage\", \"size\": [1000, 667]}"}}, {"model": "thumbnail.kvstore", "pk": "sorl-thumbnail||image||ea17db6fa0ae4ff29596af6f8b7daeee", "fields": {"value": "{\"name\": \"cache/f4/fd/f4fd08e7e0b737d7533df98a2daef74a.jpg\", \"storage\": \"django.core.files.storage.FileSystemStorage\", \"size\": [65, 55]}"}}, {"model": "thumbnail.kvstore", "pk": "sorl-thumbnail||image||ea337a146eba0f941f7a9cd855ce6cc3", "fields": {"value": "{\"name\": \"images/products/star_fruit/starfruit_3pc.jpg\", \"storage\": \"django.core.files.storage.FileSystemStorage\", \"size\": [2500, 1668]}"}}, {"model": "thumbnail.kvstore", "pk": "sorl-thumbnail||image||ea6cf15326eed577337647c30c63f887", "fields": {"value": "{\"name\": \"cache/e2/da/e2da531f5987db794706faf6264086e3.jpg\", \"storage\": \"django.core.files.storage.FileSystemStorage\", \"size\": [70, 47]}"}}, {"model": "thumbnail.kvstore", "pk": "sorl-thumbnail||image||eaa2f0dca70e7df6dc003de96fbccd98", "fields": {"value": "{\"name\": \"cache/7e/ea/7eea72d9625441900ffdee4e69d81dcc.jpg\", \"storage\": \"django.core.files.storage.FileSystemStorage\", \"size\": [65, 55]}"}}, {"model": "thumbnail.kvstore", "pk": "sorl-thumbnail||image||ec837faf3d6b47547f84837c8b1bc3f2", "fields": {"value": "{\"name\": \"cache/48/47/4847502ec64cd2a8b47ae1ca6dcfcf84.jpg\", \"storage\": \"django.core.files.storage.FileSystemStorage\", \"size\": [70, 70]}"}}, {"model": "thumbnail.kvstore", "pk": "sorl-thumbnail||image||ecc9f5815df867d22168e86030485873", "fields": {"value": "{\"name\": \"cache/c7/34/c734a0d6474b9fa43944b8b09ea96cfa.jpg\", \"storage\": \"django.core.files.storage.FileSystemStorage\", \"size\": [65, 55]}"}}, {"model": "thumbnail.kvstore", "pk": "sorl-thumbnail||image||ed239791b2eb66fb42f380080a824291", "fields": {"value": "{\"name\": \"cache/11/12/1112282fc8e78f0d9c82e2ad31abeb8d.jpg\", \"storage\": \"django.core.files.storage.FileSystemStorage\", \"size\": [65, 55]}"}}, {"model": "thumbnail.kvstore", "pk": "sorl-thumbnail||image||ef4f7d1a177ab1aa658a0ee40d9d103a", "fields": {"value": "{\"name\": \"cache/b3/dd/b3ddae16544985a43a5661192643a568.jpg\", \"storage\": \"django.core.files.storage.FileSystemStorage\", \"size\": [1000, 667]}"}}, {"model": "thumbnail.kvstore", "pk": "sorl-thumbnail||image||eff51a20f71196c49ecb9498d2380cd8", "fields": {"value": "{\"name\": \"cache/a7/32/a732fe554fe1f9ecdf221afd9c1956ca.jpg\", \"storage\": \"django.core.files.storage.FileSystemStorage\", \"size\": [1000, 668]}"}}, {"model": "thumbnail.kvstore", "pk": "sorl-thumbnail||image||f28403d30ba5172391a3d01e42642194", "fields": {"value": "{\"name\": \"images/products/lemon_fine_cuts/lemon_fine_alt.jpg\", \"storage\": \"django.core.files.storage.FileSystemStorage\", \"size\": [2500, 1668]}"}}, {"model": "thumbnail.kvstore", "pk": "sorl-thumbnail||image||f318374ae32c3c0dd1cd3bc69f9785c5", "fields": {"value": "{\"name\": \"cache/3d/3a/3d3ae8a13ebb3ab2f07f254987a25380.jpg\", \"storage\": \"django.core.files.storage.FileSystemStorage\", \"size\": [100, 67]}"}}, {"model": "thumbnail.kvstore", "pk": "sorl-thumbnail||image||f322231053bab3b2536f825781ee949d", "fields": {"value": "{\"name\": \"images/products/hand_cut_roses/roses_3pc.jpg\", \"storage\": \"django.core.files.storage.FileSystemStorage\", \"size\": [2500, 1667]}"}}, {"model": "thumbnail.kvstore", "pk": "sorl-thumbnail||image||f3527742423593f6a7623465862b3522", "fields": {"value": "{\"name\": \"cache/89/ff/89ff3a62c3dce18e15904647e5929a70.jpg\", \"storage\": \"django.core.files.storage.FileSystemStorage\", \"size\": [1000, 667]}"}}, {"model": "thumbnail.kvstore", "pk": "sorl-thumbnail||image||f4df9142ead2370e675b046e37cdd5ee", "fields": {"value": "{\"name\": \"cache/0d/1b/0d1bc86cd51ee8a51bcaeb9a5d1d988c.jpg\", \"storage\": \"django.core.files.storage.FileSystemStorage\", \"size\": [440, 294]}"}}, {"model": "thumbnail.kvstore", "pk": "sorl-thumbnail||image||f72d93570013239aae2b9a63492cbbbd", "fields": {"value": "{\"name\": \"images/products/lotus_root/lotus_3pc.jpg\", \"storage\": \"django.core.files.storage.FileSystemStorage\", \"size\": [2500, 1669]}"}}, {"model": "thumbnail.kvstore", "pk": "sorl-thumbnail||image||f8604e12039e66692fe7ab2884b1a1ab", "fields": {"value": "{\"name\": \"cache/b9/3a/b93a58a478255094ea0be616c2985a1a.jpg\", \"storage\": \"django.core.files.storage.FileSystemStorage\", \"size\": [65, 55]}"}}, {"model": "thumbnail.kvstore", "pk": "sorl-thumbnail||image||f928d945f09ff2261e25df53b5ca55b9", "fields": {"value": "{\"name\": \"images/products/blood_orange_petals/blood_orange_petal_3pc.jpg\", \"storage\": \"django.core.files.storage.FileSystemStorage\", \"size\": [2500, 1668]}"}}, {"model": "thumbnail.kvstore", "pk": "sorl-thumbnail||image||f9b28424151f10581bc1d590ae9298d0", "fields": {"value": "{\"name\": \"cache/6c/45/6c453c43cee88b86111ca06e5a89d625.jpg\", \"storage\": \"django.core.files.storage.FileSystemStorage\", \"size\": [1000, 667]}"}}, {"model": "thumbnail.kvstore", "pk": "sorl-thumbnail||image||fac10966d3f169945a62469d6b402f2b", "fields": {"value": "{\"name\": \"images/products/pineapple_half_moons/pineapple_halves_jar.jpg\", \"storage\": \"django.core.files.storage.FileSystemStorage\", \"size\": [2500, 1667]}"}}, {"model": "thumbnail.kvstore", "pk": "sorl-thumbnail||image||fb349119602faf49a49d93b02c0cc80f", "fields": {"value": "{\"name\": \"cache/63/11/631144c03af8d7cf7ea0b922882a6213.jpg\", \"storage\": \"django.core.files.storage.FileSystemStorage\", \"size\": [1000, 667]}"}}, {"model": "thumbnail.kvstore", "pk": "sorl-thumbnail||image||fdb44242ae778397383707e34f4ba066", "fields": {"value": "{\"name\": \"images/products/pear/pear_3pc.jpg\", \"storage\": \"django.core.files.storage.FileSystemStorage\", \"size\": [2500, 1668]}"}}, {"model": "thumbnail.kvstore", "pk": "sorl-thumbnail||image||fe25a749d8bf076c3696950d21031497", "fields": {"value": "{\"name\": \"images/products/lotus_root/lotus_root_jar.jpg\", \"storage\": \"django.core.files.storage.FileSystemStorage\", \"size\": [2500, 1667]}"}}, {"model": "thumbnail.kvstore", "pk": "sorl-thumbnail||image||ff742f89298e912acb1119a293933d5e", "fields": {"value": "{\"name\": \"cache/4b/15/4b153be94eb8cfa4211dbe7c61991289.jpg\", \"storage\": \"django.core.files.storage.FileSystemStorage\", \"size\": [65, 55]}"}}, {"model": "thumbnail.kvstore", "pk": "sorl-thumbnail||thumbnails||04a7cdf8e1a3dbac384e614b365d75d4", "fields": {"value": "[\"9ba1682e43ee4b6d522c6c7cb0e9a690\", \"416f32756f98a6eedee18938327d8f40\"]"}}, {"model": "thumbnail.kvstore", "pk": "sorl-thumbnail||thumbnails||06e19317ec78bd96a34f10e010dcffaa", "fields": {"value": "[\"46ffac0df7fed08fc6e40fd7984de4a6\", \"3625a13214da6988187a45982c62f212\"]"}}, {"model": "thumbnail.kvstore", "pk": "sorl-thumbnail||thumbnails||097c6bdb72ba8ffa453e2a8ea73db898", "fields": {"value": "[\"5ba673ea06e365abb60b546b1a955af1\", \"ed239791b2eb66fb42f380080a824291\"]"}}, {"model": "thumbnail.kvstore", "pk": "sorl-thumbnail||thumbnails||0b883e9523386e0d9b7843333c992710", "fields": {"value": "[\"53a509778855974a48ea050afad021aa\", \"c20e642b2792eec567d01a91e0575933\"]"}}, {"model": "thumbnail.kvstore", "pk": "sorl-thumbnail||thumbnails||0d31f6aa69c273a6810907c21d971fea", "fields": {"value": "[\"3d10cf63ec1e5c768a8a46cd9f83fcc0\"]"}}, {"model": "thumbnail.kvstore", "pk": "sorl-thumbnail||thumbnails||106a5a12589735ad4503fc0193442ab5", "fields": {"value": "[\"9aaee2eb1288e82451c191207873114d\", \"a8de47e7829f9a2fa29a36257f77d9a8\", \"19a67f841f389dc7c5c942deb3940cd2\"]"}}, {"model": "thumbnail.kvstore", "pk": "sorl-thumbnail||thumbnails||17c22b1bae1f784e1ca3095d9237d365", "fields": {"value": "[\"1dacf46cf289f7b99608931d7b79b8b7\", \"e6d01d521dd8bd71f45165cc17a00751\"]"}}, {"model": "thumbnail.kvstore", "pk": "sorl-thumbnail||thumbnails||1df39aa2d07ba659ccd1a7a669b07a59", "fields": {"value": "[\"2081284d5ea16a96f38f691afcf8bcf6\"]"}}, {"model": "thumbnail.kvstore", "pk": "sorl-thumbnail||thumbnails||1ee9b9d6fd3925ca70bc7ac98fe730a3", "fields": {"value": "[\"49632c7805e4018fe344c9bebba8702f\"]"}}, {"model": "thumbnail.kvstore", "pk": "sorl-thumbnail||thumbnails||21d1b97fe8ac68afd0f576c2c13afb6f", "fields": {"value": "[\"36a81e83b31442f22d382ae56eb04fbc\", \"59c515519e49e40411c1d297f4135041\", \"df057651d0bc44fc9456fb69847b4b09\", \"777914f7efcd063fe924955a69c5e9ff\"]"}}, {"model": "thumbnail.kvstore", "pk": "sorl-thumbnail||thumbnails||2649dab842ea3b2108fb6b438e3adb9b", "fields": {"value": "[\"2e0b469d12a870859144b574da885e1c\", \"2de97a4ca903fbba72033927ce0f4761\", \"e2650b0b324176a7475ecbaf4691839a\", \"b840c67cb90a08a6683a55e74b673cae\"]"}}, {"model": "thumbnail.kvstore", "pk": "sorl-thumbnail||thumbnails||333d9bc5d06398a67bb04eb910e0936c", "fields": {"value": "[\"703902d69ceadbcc077fe481ec2060f4\", \"8c49628853bc32a76a137c9ee14e9593\"]"}}, {"model": "thumbnail.kvstore", "pk": "sorl-thumbnail||thumbnails||3400c23e9d835a293b024d39e480b5f0", "fields": {"value": "[\"4ad81bed03fae08c8e1736cbab00580d\", \"ec837faf3d6b47547f84837c8b1bc3f2\"]"}}, {"model": "thumbnail.kvstore", "pk": "sorl-thumbnail||thumbnails||36a707c68d9ac0c9de95f858c438ee84", "fields": {"value": "[\"ecc9f5815df867d22168e86030485873\", \"05e206b0e3cba2161229cd47a24f8ce1\"]"}}, {"model": "thumbnail.kvstore", "pk": "sorl-thumbnail||thumbnails||372f4a404a4d523da8150838471eaf2b", "fields": {"value": "[\"61ce4002c5c336a20167f72cec6eaf8c\", \"4c16d9ef9cc0a06cab067698946f09aa\", \"a2ef87bcbc29921402e24ab4bb01f619\"]"}}, {"model": "thumbnail.kvstore", "pk": "sorl-thumbnail||thumbnails||3c18c49e24081370bddf49a58008e282", "fields": {"value": "[\"adc9469b0b774b68b9bc1912a7392f3b\", \"ea14d27453c5fb4cab536231af389cf4\"]"}}, {"model": "thumbnail.kvstore", "pk": "sorl-thumbnail||thumbnails||3f09de5b06c57cdffd8813a7faa3f0d2", "fields": {"value": "[\"162598725b7599d40f16a7f1ffbed5ce\", \"5ea28ffd25bdec71dc7c4a55c93b88f7\", \"0bf1a0be1d616cef8d4a2ffd56e76cf1\"]"}}, {"model": "thumbnail.kvstore", "pk": "sorl-thumbnail||thumbnails||44a79bbe2194426d8d2a5e0a994c4474", "fields": {"value": "[\"24bab6f52e6b442a7b06b81b1637ef93\", \"2faeaf0c03828c148c1bf71db5bdaff1\", \"e0f5f3e607a509e8963ff93cdb1ccb2c\"]"}}, {"model": "thumbnail.kvstore", "pk": "sorl-thumbnail||thumbnails||4755c312eaf466bd4eecc5a2c56925dd", "fields": {"value": "[\"81efb9c9f62fa38c1ad3cc83848df5e3\", \"79478eeb2c346881fc6fc5232ae34207\"]"}}, {"model": "thumbnail.kvstore", "pk": "sorl-thumbnail||thumbnails||4a35b0f34362995edb11c8ae34c58741", "fields": {"value": "[\"9b905cb43157e75e69c6ee31b6a5478b\"]"}}, {"model": "thumbnail.kvstore", "pk": "sorl-thumbnail||thumbnails||50e2aae41f69b1b65312aad2b799e6f1", "fields": {"value": "[\"f4df9142ead2370e675b046e37cdd5ee\", \"aaa6d90fb0be766fc365cc3ddcc4574e\"]"}}, {"model": "thumbnail.kvstore", "pk": "sorl-thumbnail||thumbnails||540bc78ce4a50a8613e43595178d5f9b", "fields": {"value": "[\"046668fd9e2ae92559ea1899dfb0cdb4\"]"}}, {"model": "thumbnail.kvstore", "pk": "sorl-thumbnail||thumbnails||574cfcc09a63bb58d70e562ae4e4f34b", "fields": {"value": "[\"0710ce9dc680a375ea11fb40aa79cff1\", \"52eff5508efa49f8bf94d83f14b5a257\", \"dc3f2a2b1fbdcd75e23bc492cb4d689f\", \"1c426d2d6bc116123030e516b642a1e9\", \"f318374ae32c3c0dd1cd3bc69f9785c5\"]"}}, {"model": "thumbnail.kvstore", "pk": "sorl-thumbnail||thumbnails||5795d06d9c1eacdc0832ce83d688cbba", "fields": {"value": "[\"bfe16d1a8f18c0df091607a58c5fcf65\"]"}}, {"model": "thumbnail.kvstore", "pk": "sorl-thumbnail||thumbnails||5c4beac311ce906c222737d1da6c97e7", "fields": {"value": "[\"6247d4b733d1da4b57a77728916ea7fd\", \"5a6a4d2b327f357015ba264141c7ce8e\", \"6ee2a09249c3e88878f0b6ee8954e13d\"]"}}, {"model": "thumbnail.kvstore", "pk": "sorl-thumbnail||thumbnails||5c55ea31fd49b51c975e0fef9629711f", "fields": {"value": "[\"e50f62a924bd8e21ed18f72492c5cc9a\", \"a83bf287e2eaae06484b3c7cd2de4a1c\", \"ef4f7d1a177ab1aa658a0ee40d9d103a\", \"5ac997f27cbe5a65b7c8ee4f4c1c07cd\"]"}}, {"model": "thumbnail.kvstore", "pk": "sorl-thumbnail||thumbnails||60d822365bf8dc5ab5fd65a0eb794728", "fields": {"value": "[\"2952b7d8796dd715cc959cf2da71d1db\", \"2b01c2ef908df10b422c2832a3a96f15\"]"}}, {"model": "thumbnail.kvstore", "pk": "sorl-thumbnail||thumbnails||6275d193a090e70e79fd2f3a534cfeac", "fields": {"value": "[\"7647a7270d40f60591095b15aac18fbf\"]"}}, {"model": "thumbnail.kvstore", "pk": "sorl-thumbnail||thumbnails||6343a84ac95476ce78a8d399a2858f4b", "fields": {"value": "[\"3d0215f1ff02d970918704e1c702a970\", \"3ca593553f684462dc8e0fdc513c7919\", \"eff51a20f71196c49ecb9498d2380cd8\", \"1c6684abdc9a5dfb5c614c9aef2de479\", \"178b9c4586cf155e86d51c44b838b09a\"]"}}, {"model": "thumbnail.kvstore", "pk": "sorl-thumbnail||thumbnails||6767e62828670a8c0419d5ee4f645d8e", "fields": {"value": "[\"5273da9bad2adef48ed82cd9cce18382\", \"ff742f89298e912acb1119a293933d5e\", \"c557a0e421963db3f94c49e7c8736d09\"]"}}, {"model": "thumbnail.kvstore", "pk": "sorl-thumbnail||thumbnails||69bbae0f4f2286a8e1ea4b3c2802d1f8", "fields": {"value": "[\"a982e895a38544ea9bdeafa48d912966\", \"3466a766ba5d66e1863e07a66114578a\", \"afafd96dab4c55096b32624dd082134b\", \"0e1cd830a12270248c77b7742b918b1e\", \"82ca890e1709da9078d4bd0f0f4efb6f\"]"}}, {"model": "thumbnail.kvstore", "pk": "sorl-thumbnail||thumbnails||6b8c4395723e9f73371c625e938e4c78", "fields": {"value": "[\"6d411d1c64b954579cf60aa20dde5535\"]"}}, {"model": "thumbnail.kvstore", "pk": "sorl-thumbnail||thumbnails||6ebae8295d190512386e9e6e61dedc1d", "fields": {"value": "[\"a596a268548d45256efcbf67e06dc3b5\", \"7a0e0b40c6bf14d45795b4fb89d554db\", \"8e6ec2e7e4c4b6c23733844e339a63b5\"]"}}, {"model": "thumbnail.kvstore", "pk": "sorl-thumbnail||thumbnails||792a3e7541826f92434394de1dbe6d7b", "fields": {"value": "[\"b54b7de13ba13be8f160168bf0f19e89\", \"6a0b16d4b13639f64afe31afd8add045\", \"5385caf3dcdf2cf5dd328f7bae415b1b\"]"}}, {"model": "thumbnail.kvstore", "pk": "sorl-thumbnail||thumbnails||7f4707b9d574479dca29f01fc32732c3", "fields": {"value": "[\"f8604e12039e66692fe7ab2884b1a1ab\", \"6e95038500fbf7701a9e5806d30deefa\"]"}}, {"model": "thumbnail.kvstore", "pk": "sorl-thumbnail||thumbnails||7fa63e17750f0c9bccf502cf2b661140", "fields": {"value": "[\"251c21bff57885892cc2da566e6d66c9\", \"6ea9be8184d92ccc7582bbef1b1670d7\", \"ad146fe0d3a4a86819029e4860f7c579\", \"ea17db6fa0ae4ff29596af6f8b7daeee\"]"}}, {"model": "thumbnail.kvstore", "pk": "sorl-thumbnail||thumbnails||83a8204c8923e498d1ddc90582bf05a4", "fields": {"value": "[\"06722c3d1f5e7d96e4b64c58ce376731\"]"}}, {"model": "thumbnail.kvstore", "pk": "sorl-thumbnail||thumbnails||8667bc66c7f81a7d1294c184be718a32", "fields": {"value": "[\"a311c2049fb10f1d71e3436262f60e01\", \"f3527742423593f6a7623465862b3522\"]"}}, {"model": "thumbnail.kvstore", "pk": "sorl-thumbnail||thumbnails||8db21bce50fd2f5483c321b2af838340", "fields": {"value": "[\"a4f8f9ecff08589625e8fa924c3cb7a6\", \"725386464335a2513408c0d1e612a4fc\", \"6e7f8590e237d4dddbc711d91bc8af96\"]"}}, {"model": "thumbnail.kvstore", "pk": "sorl-thumbnail||thumbnails||8dd0c4fee6c3e59762e53e70ed635c3b", "fields": {"value": "[\"6c797fae8318176018805456cfd3ac43\", \"2a5de6cc180fe6d008161d5143e217a1\"]"}}, {"model": "thumbnail.kvstore", "pk": "sorl-thumbnail||thumbnails||90e4a1198100b008a24f0e6fee595fce", "fields": {"value": "[\"2f5c3e88aa2a50cb91954ab490d86589\", \"a13965f00799e8acbb1df5e8aa2e4ff3\"]"}}, {"model": "thumbnail.kvstore", "pk": "sorl-thumbnail||thumbnails||9518aa8512b06635429e89d8969d74b0", "fields": {"value": "[\"354b03f9ca35baea243b9cd86059d4d2\", \"eaa2f0dca70e7df6dc003de96fbccd98\"]"}}, {"model": "thumbnail.kvstore", "pk": "sorl-thumbnail||thumbnails||98a5fc7fdf88f4d67f90e213e04bebd2", "fields": {"value": "[\"c41e29edbb0e2c024044362de8d88034\", \"a2df82daef01e42146a5c995f5b30a04\", \"223e1437c9287bd565e336db5ab3446f\", \"5055bfc021dd5678abc102db8d374634\"]"}}, {"model": "thumbnail.kvstore", "pk": "sorl-thumbnail||thumbnails||9af4e3f4bf6a05ee46fb593e25a56b33", "fields": {"value": "[\"9850716a2e8d3ad1ec6fede699a38d01\", \"ac0c2d4c6de514573f63dd394d826a76\", \"60b3cd2d1f3a9087b7d108818a4e62d1\"]"}}, {"model": "thumbnail.kvstore", "pk": "sorl-thumbnail||thumbnails||9be5f9672f335d2ce671515c23fcc8b0", "fields": {"value": "[\"9ccedf066e695259bddbf4167a1711dd\"]"}}, {"model": "thumbnail.kvstore", "pk": "sorl-thumbnail||thumbnails||a04176d8cf353378d0a41aaa111d207c", "fields": {"value": "[\"e7dc965ec97244e75af97b5d6efb3a00\", \"9397c26590a423893dbc2833434ef0d1\"]"}}, {"model": "thumbnail.kvstore", "pk": "sorl-thumbnail||thumbnails||a2a77c899d577ea691cea263ced28caa", "fields": {"value": "[\"0689265d26afc080b677039352cc1ede\", \"ea6cf15326eed577337647c30c63f887\"]"}}, {"model": "thumbnail.kvstore", "pk": "sorl-thumbnail||thumbnails||a92c719052f0cabb25dd7bb1321c24ab", "fields": {"value": "[\"c3e287b85a4bd517ce8876e01b316ff9\", \"7ebf27e54af759934dfd6571fa00a0a0\", \"029095a2f9e3142d080bbcb50083d4cb\", \"6c25c1f6140e2415b742cdb3bdd115db\"]"}}, {"model": "thumbnail.kvstore", "pk": "sorl-thumbnail||thumbnails||ae01dc82082c0f6b44115ed7bf25c898", "fields": {"value": "[\"6c4e476079d961018ebdbee5b17ad451\"]"}}, {"model": "thumbnail.kvstore", "pk": "sorl-thumbnail||thumbnails||bb26995f2e16c3c7cd755bf35b9cee4d", "fields": {"value": "[\"4719d21ea7925239e2133cb7c727fa12\", \"0413753f76609b2a4345631955383604\", \"c6ee608ce405b162de078afdadb1016d\", \"a5e7b9c45a054455e719e2cae84438d3\", \"aa81111bd8e1bb9daf5bfc3635a01d4b\"]"}}, {"model": "thumbnail.kvstore", "pk": "sorl-thumbnail||thumbnails||bf1ab8d239c4264aeb73f50cc5458e7f", "fields": {"value": "[\"909e13b08d5a6b05ccb079dfd44d155f\"]"}}, {"model": "thumbnail.kvstore", "pk": "sorl-thumbnail||thumbnails||c039f482c24510d08ca4377de4cc0f9f", "fields": {"value": "[\"9f72007dcedfd0e87d84836b05354359\", \"baa64531e2c0d2f3f936c450f660fd4d\"]"}}, {"model": "thumbnail.kvstore", "pk": "sorl-thumbnail||thumbnails||c26a123e3012e11c6c5a607dc9d048a5", "fields": {"value": "[\"1eef12c384bcaa879942ffabd5564ce8\", \"714f1cfc17ece18809a8f9c03a0cec7b\"]"}}, {"model": "thumbnail.kvstore", "pk": "sorl-thumbnail||thumbnails||c92d3e5079f7279a8b27e9ca8c494a8b", "fields": {"value": "[\"f9b28424151f10581bc1d590ae9298d0\", \"d4414d5253ffce9c249f1cd1a0f647ef\", \"53d48aa23082d1a99bc0fc26f079b1d9\"]"}}, {"model": "thumbnail.kvstore", "pk": "sorl-thumbnail||thumbnails||db628e56e9093bb41835e60e4c9be918", "fields": {"value": "[\"4c3ab7ee6877ca4975ca4b6d05d83200\", \"fb349119602faf49a49d93b02c0cc80f\"]"}}, {"model": "thumbnail.kvstore", "pk": "sorl-thumbnail||thumbnails||e14437c17c965d8a4120216e61acba50", "fields": {"value": "[\"9c3178d2d4dd6b6348b3145ab2d37dc6\", \"ac2babc733bfd91e2f01ca31c02d6ebb\"]"}}, {"model": "thumbnail.kvstore", "pk": "sorl-thumbnail||thumbnails||e68fddd5deb4b2b86419a9624905baa6", "fields": {"value": "[\"deb0c1dd2cfa1d2b629a07ed3a327311\"]"}}, {"model": "thumbnail.kvstore", "pk": "sorl-thumbnail||thumbnails||ea337a146eba0f941f7a9cd855ce6cc3", "fields": {"value": "[\"4f83a026f8ffb79fbb05d35ba29f5a95\"]"}}, {"model": "thumbnail.kvstore", "pk": "sorl-thumbnail||thumbnails||f28403d30ba5172391a3d01e42642194", "fields": {"value": "[\"a2be8a2ca0636f6bbd88e4840ff0a314\", \"d9afbc5a55fed0ec240e0bc8da912184\"]"}}, {"model": "thumbnail.kvstore", "pk": "sorl-thumbnail||thumbnails||f322231053bab3b2536f825781ee949d", "fields": {"value": "[\"541c1496fbb63707b1937f21e63d9167\"]"}}, {"model": "thumbnail.kvstore", "pk": "sorl-thumbnail||thumbnails||f72d93570013239aae2b9a63492cbbbd", "fields": {"value": "[\"09e03655ed7324ed2a950098af485c82\", \"0b43b6ce2a4e5d9a291f8c4c9723dbd1\", \"e429f87172731c61ca9e6dd978be5961\"]"}}, {"model": "thumbnail.kvstore", "pk": "sorl-thumbnail||thumbnails||f928d945f09ff2261e25df53b5ca55b9", "fields": {"value": "[\"e7269dd5c2887645014708e0de330ddb\", \"5dbc7e48847109de6ad03779f1fc7a8d\", \"5f625f3af5dc58ac3b1dbfd2217a95ca\"]"}}, {"model": "thumbnail.kvstore", "pk": "sorl-thumbnail||thumbnails||fac10966d3f169945a62469d6b402f2b", "fields": {"value": "[\"126b6d7348b0f968ca2f15402ec1d49f\", \"c154b3203d11a615fb3ee11d6d7026a6\"]"}}, {"model": "thumbnail.kvstore", "pk": "sorl-thumbnail||thumbnails||fdb44242ae778397383707e34f4ba066", "fields": {"value": "[\"d6a1cc40afe6f98018a94ec7f553d98d\", \"0a0bd4e225d6f194d9eab7d09c5ccc95\", \"0321b271572f2ecece91e0337b0b6ebe\", \"a820e590e6b90b4f4356b0f85fff487e\"]"}}, {"model": "thumbnail.kvstore", "pk": "sorl-thumbnail||thumbnails||fe25a749d8bf076c3696950d21031497", "fields": {"value": "[\"0ea832ec566257f1a0e4d459761b5f14\", \"b9bd7fddeba9bc183ba99271deab8013\", \"0b8a265a099baebeee9292cfb7641871\", \"00ef98dd4f11ca0c7f78222ca251ca9c\"]"}}]